#filename,file_size,file_attributes,region_count,region_id,region_shape_attributes,region_attributes,type
1473.jpg,5690519,{},4,0,"{""name"":""point"",""cx"":498,""cy"":1409}","{""Points"":""p1""}",1
1473.jpg,5690519,{},4,1,"{""name"":""point"",""cx"":691,""cy"":1317}","{""Points"":""mid""}",1
1473.jpg,5690519,{},4,2,"{""name"":""point"",""cx"":841,""cy"":1248}","{""Points"":""p1""}",1
1473.jpg,5690519,{},4,3,"{""name"":""rect"",""x"":100,""y"":489,""width"":1248,""height"":1619}","{""Cervix"":""eos"",""Cervix Shape"":""line""}",1
1468.jpg,3116712,{},4,0,"{""name"":""point"",""cx"":1110,""cy"":1273}","{""Points"":""p1""}",1
1468.jpg,3116712,{},4,1,"{""name"":""point"",""cx"":1291,""cy"":1204}","{""Points"":""mid""}",1
1468.jpg,3116712,{},4,2,"{""name"":""point"",""cx"":1436,""cy"":1150}","{""Points"":""p2""}",1
1468.jpg,3116712,{},4,3,"{""name"":""rect"",""x"":991,""y"":908,""width"":626,""height"":589}","{""Cervix"":""eos"",""Cervix Shape"":""line""}",1
1464.jpg,3999959,{},4,0,"{""name"":""point"",""cx"":1308,""cy"":3059}","{""Points"":""p1""}",1
1464.jpg,3999959,{},4,1,"{""name"":""point"",""cx"":1811,""cy"":3046}","{""Points"":""mid""}",1
1464.jpg,3999959,{},4,2,"{""name"":""point"",""cx"":2213,""cy"":2899}","{""Points"":""p2""}",1
1464.jpg,3999959,{},4,3,"{""name"":""rect"",""x"":832,""y"":1985,""width"":2067,""height"":1541}","{""Cervix"":""eos"",""Cervix Shape"":""curve""}",1
1456.jpg,2639578,{},4,0,"{""name"":""point"",""cx"":851,""cy"":2159}","{""Points"":""p1""}",1
1456.jpg,2639578,{},4,1,"{""name"":""point"",""cx"":1381,""cy"":1729}","{""Points"":""mid""}",1
1456.jpg,2639578,{},4,2,"{""name"":""point"",""cx"":2159,""cy"":1651}","{""Points"":""p2""}",1
1456.jpg,2639578,{},4,3,"{""name"":""rect"",""x"":-31,""y"":256,""width"":2954,""height"":2808}","{""Cervix"":""eos"",""Cervix Shape"":""curve""}",1
1440.jpg,2863476,{},4,0,"{""name"":""point"",""cx"":1189,""cy"":1226}","{""Points"":""p1""}",1
1440.jpg,2863476,{},4,1,"{""name"":""point"",""cx"":1555,""cy"":1258}","{""Points"":""mid""}",1
1440.jpg,2863476,{},4,2,"{""name"":""point"",""cx"":1870,""cy"":1139}","{""Points"":""p2""}",1
1440.jpg,2863476,{},4,3,"{""name"":""rect"",""x"":521,""y"":526,""width"":1944,""height"":1692}","{""Cervix"":""eos"",""Cervix Shape"":""curve""}",1
1437.jpg,7586916,{},4,0,"{""name"":""point"",""cx"":828,""cy"":1459}","{""Points"":""p1""}",1
1437.jpg,7586916,{},4,1,"{""name"":""point"",""cx"":901,""cy"":1463}","{""Points"":""mid""}",1
1437.jpg,7586916,{},4,2,"{""name"":""point"",""cx"":979,""cy"":1463}","{""Points"":""p2""}",1
1437.jpg,7586916,{},4,3,"{""name"":""rect"",""x"":408,""y"":818,""width"":1312,""height"":1358}","{""Cervix"":""eos"",""Cervix Shape"":""circle""}",1
1430.jpg,2390201,{},4,0,"{""name"":""point"",""cx"":1189,""cy"":1875}","{""Points"":""p1""}",1
1430.jpg,2390201,{},4,1,"{""name"":""point"",""cx"":1422,""cy"":1875}","{""Points"":""mid""}",1
1430.jpg,2390201,{},4,2,"{""name"":""point"",""cx"":1646,""cy"":1925}","{""Points"":""p2""}",1
1430.jpg,2390201,{},4,3,"{""name"":""rect"",""x"":590,""y"":1317,""width"":1752,""height"":1253}","{""Cervix"":""eos"",""Cervix Shape"":""curve""}",1
1427.jpg,5605192,{},4,0,"{""name"":""point"",""cx"":759,""cy"":1262}","{""Points"":""p1""}",1
1427.jpg,5605192,{},4,1,"{""name"":""point"",""cx"":1180,""cy"":1248}","{""Points"":""mid""}",1
1427.jpg,5605192,{},4,2,"{""name"":""point"",""cx"":1578,""cy"":997}","{""Points"":""p2""}",1
1427.jpg,5605192,{},4,3,"{""name"":""rect"",""x"":302,""y"":412,""width"":1505,""height"":1445}","{""Cervix"":""eos"",""Cervix Shape"":""curve""}",1
1422.jpg,1886324,{},4,0,"{""name"":""point"",""cx"":585,""cy"":2442}","{""Points"":""p1""}",1
1422.jpg,1886324,{},4,1,"{""name"":""point"",""cx"":1413,""cy"":2181}","{""Points"":""mid""}",1
1422.jpg,1886324,{},4,2,"{""name"":""point"",""cx"":2515,""cy"":2648}","{""Points"":""p2""}",1
1422.jpg,1886324,{},4,3,"{""name"":""rect"",""x"":178,""y"":1399,""width"":2712,""height"":1816}","{""Cervix"":""eos"",""Cervix Shape"":""curve""}",1
1414.jpg,6444406,{},4,0,"{""name"":""point"",""cx"":1399,""cy"":1665}","{""Points"":""p1""}",1
1414.jpg,6444406,{},4,1,"{""name"":""point"",""cx"":1445,""cy"":1665}","{""Points"":""mid""}",1
1414.jpg,6444406,{},4,2,"{""name"":""point"",""cx"":1491,""cy"":1665}","{""Points"":""p2""}",1
1414.jpg,6444406,{},4,3,"{""name"":""rect"",""x"":764,""y"":1130,""width"":1381,""height"":1363}","{""Cervix"":""eos"",""Cervix Shape"":""circle""}",1
1393.jpg,7634755,{},4,0,"{""name"":""point"",""cx"":1944,""cy"":1646}","{""Points"":""p1""}",1
1393.jpg,7634755,{},4,1,"{""name"":""point"",""cx"":2154,""cy"":1724}","{""Points"":""mid""}",1
1393.jpg,7634755,{},4,2,"{""name"":""point"",""cx"":2401,""cy"":1747}","{""Points"":""p2""}",1
1393.jpg,7634755,{},4,3,"{""name"":""rect"",""x"":1660,""y"":1290,""width"":988,""height"":873}","{""Cervix"":""eos"",""Cervix Shape"":""curve""}",1
1390.jpg,1637521,{},4,0,"{""name"":""point"",""cx"":1784,""cy"":3233}","{""Points"":""p1""}",1
1390.jpg,1637521,{},4,1,"{""name"":""point"",""cx"":2158,""cy"":3142}","{""Points"":""mid""}",1
1390.jpg,1637521,{},4,2,"{""name"":""point"",""cx"":2474,""cy"":3124}","{""Points"":""p2""}",1
1390.jpg,1637521,{},4,3,"{""name"":""rect"",""x"":855,""y"":1779,""width"":2232,""height"":2346}","{""Cervix"":""eos"",""Cervix Shape"":""curve""}",1
1389.jpg,7320690,{},4,0,"{""name"":""point"",""cx"":750,""cy"":1966}","{""Points"":""p1""}",1
1389.jpg,7320690,{},4,1,"{""name"":""point"",""cx"":864,""cy"":1930}","{""Points"":""mid""}",1
1389.jpg,7320690,{},4,2,"{""name"":""point"",""cx"":965,""cy"":1848}","{""Points"":""p2""}",1
1389.jpg,7320690,{},4,3,"{""name"":""rect"",""x"":338,""y"":32,""width"":1637,""height"":2799}","{""Cervix"":""eos"",""Cervix Shape"":""curve""}",1
1384.jpg,6985875,{},4,0,"{""name"":""point"",""cx"":1404,""cy"":1372}","{""Points"":""p1""}",1
1384.jpg,6985875,{},4,1,"{""name"":""point"",""cx"":1445,""cy"":1367}","{""Points"":""mid""}",1
1384.jpg,6985875,{},4,2,"{""name"":""point"",""cx"":1486,""cy"":1363}","{""Points"":""p2""}",1
1384.jpg,6985875,{},4,3,"{""name"":""rect"",""x"":828,""y"":1070,""width"":1166,""height"":1957}","{""Cervix"":""eos"",""Cervix Shape"":""circle""}",1
1370.jpg,1746433,{},4,0,"{""name"":""point"",""cx"":1483,""cy"":2068}","{""Points"":""p1""}",1
1370.jpg,1746433,{},4,1,"{""name"":""point"",""cx"":1540,""cy"":2079}","{""Points"":""mid""}",1
1370.jpg,1746433,{},4,2,"{""name"":""point"",""cx"":1595,""cy"":2090}","{""Points"":""p2""}",1
1370.jpg,1746433,{},4,3,"{""name"":""rect"",""x"":1150,""y"":1222,""width"":835,""height"":1490}","{""Cervix"":""eos"",""Cervix Shape"":""line""}",1
1346.jpg,6524626,{},4,0,"{""name"":""point"",""cx"":1470,""cy"":1498}","{""Points"":""p1""}",1
1346.jpg,6524626,{},4,1,"{""name"":""point"",""cx"":1539,""cy"":1502}","{""Points"":""mid""}",1
1346.jpg,6524626,{},4,2,"{""name"":""point"",""cx"":1599,""cy"":1512}","{""Points"":""p2""}",1
1346.jpg,6524626,{},4,3,"{""name"":""rect"",""x"":1327,""y"":1000,""width"":525,""height"":917}","{""Cervix"":""eos"",""Cervix Shape"":""line""}",1
1344.jpg,3815827,{},4,0,"{""name"":""point"",""cx"":1197,""cy"":2083}","{""Points"":""p1""}",1
1344.jpg,3815827,{},4,1,"{""name"":""point"",""cx"":1222,""cy"":2086}","{""Points"":""mid""}",1
1344.jpg,3815827,{},4,2,"{""name"":""point"",""cx"":1248,""cy"":2079}","{""Points"":""p2""}",1
1344.jpg,3815827,{},4,3,"{""name"":""rect"",""x"":799,""y"":1634,""width"":824,""height"":976}","{""Cervix"":""eos"",""Cervix Shape"":""circle""}",1
1339.jpg,3869109,{},4,0,"{""name"":""point"",""cx"":1431,""cy"":2104}","{""Points"":""p1""}",1
1339.jpg,3869109,{},4,1,"{""name"":""point"",""cx"":1619,""cy"":2149}","{""Points"":""mid""}",1
1339.jpg,3869109,{},4,2,"{""name"":""point"",""cx"":1861,""cy"":2204}","{""Points"":""p2""}",1
1339.jpg,3869109,{},4,3,"{""name"":""rect"",""x"":997,""y"":1454,""width"":1308,""height"":823}","{""Cervix"":""eos"",""Cervix Shape"":""line""}",1
1336.jpg,2739549,{},4,0,"{""name"":""point"",""cx"":402,""cy"":2108}","{""Points"":""p1""}",1
1336.jpg,2739549,{},4,1,"{""name"":""point"",""cx"":1450,""cy"":3169}","{""Points"":""mid""}",1
1336.jpg,2739549,{},4,2,"{""name"":""point"",""cx"":2625,""cy"":2835}","{""Points"":""p2""}",1
1336.jpg,2739549,{},4,3,"{""name"":""rect"",""x"":110,""y"":366,""width"":2899,""height"":3119}","{""Cervix"":""eos"",""Cervix Shape"":""curve""}",1
1326.jpg,2307306,{},4,0,"{""name"":""point"",""cx"":1273,""cy"":1233}","{""Points"":""p1""}",1
1326.jpg,2307306,{},4,1,"{""name"":""point"",""cx"":1392,""cy"":1222}","{""Points"":""mid""}",1
1326.jpg,2307306,{},4,2,"{""name"":""point"",""cx"":1486,""cy"":1211}","{""Points"":""p2""}",1
1326.jpg,2307306,{},4,3,"{""name"":""rect"",""x"":763,""y"":492,""width"":1273,""height"":1454}","{""Cervix"":""eos"",""Cervix Shape"":""line""}",1
1324.jpg,7033575,{},4,0,"{""name"":""point"",""cx"":1267,""cy"":1811}","{""Points"":""p1""}",1
1324.jpg,7033575,{},4,1,"{""name"":""point"",""cx"":1326,""cy"":1802}","{""Points"":""mid""}",1
1324.jpg,7033575,{},4,2,"{""name"":""point"",""cx"":1372,""cy"":1784}","{""Points"":""p2""}",1
1324.jpg,7033575,{},4,3,"{""name"":""rect"",""x"":709,""y"":1495,""width"":1171,""height"":997}","{""Cervix"":""eos"",""Cervix Shape"":""line""}",1
1320.jpg,7416564,{},4,0,"{""name"":""point"",""cx"":1527,""cy"":1367}","{""Points"":""p1""}",1
1320.jpg,7416564,{},4,1,"{""name"":""point"",""cx"":1610,""cy"":1386}","{""Points"":""mid""}",1
1320.jpg,7416564,{},4,2,"{""name"":""point"",""cx"":1701,""cy"":1418}","{""Points"":""p2""}",1
1320.jpg,7416564,{},4,3,"{""name"":""rect"",""x"":823,""y"":773,""width"":1258,""height"":1216}","{""Cervix"":""eos"",""Cervix Shape"":""line""}",1
1314.jpg,2111401,{},4,0,"{""name"":""point"",""cx"":962,""cy"":1692}","{""Points"":""p1""}",1
1314.jpg,2111401,{},4,1,"{""name"":""point"",""cx"":1114,""cy"":1605}","{""Points"":""mid""}",1
1314.jpg,2111401,{},4,2,"{""name"":""point"",""cx"":1295,""cy"":1642}","{""Points"":""p2""}",1
1314.jpg,2111401,{},4,3,"{""name"":""rect"",""x"":712,""y"":1106,""width"":1161,""height"":1190}","{""Cervix"":""eos"",""Cervix Shape"":""curve""}",1
1308.jpg,5575654,{},4,0,"{""name"":""point"",""cx"":1308,""cy"":2479}","{""Points"":""p1""}",1
1308.jpg,5575654,{},4,1,"{""name"":""point"",""cx"":1591,""cy"":2579}","{""Points"":""mid""}",1
1308.jpg,5575654,{},4,2,"{""name"":""point"",""cx"":1875,""cy"":2552}","{""Points"":""p2""}",1
1308.jpg,5575654,{},4,3,"{""name"":""rect"",""x"":915,""y"":1921,""width"":1500,""height"":1445}","{""Cervix"":""eos"",""Cervix Shape"":""curve""}",1
1289.jpg,4678603,{},4,0,"{""name"":""point"",""cx"":1409,""cy"":3256}","{""Points"":""p1""}",1
1289.jpg,4678603,{},4,1,"{""name"":""point"",""cx"":1477,""cy"":3274}","{""Points"":""mid""}",1
1289.jpg,4678603,{},4,2,"{""name"":""point"",""cx"":1550,""cy"":3274}","{""Points"":""p2""}",1
1289.jpg,4678603,{},4,3,"{""name"":""rect"",""x"":252,""y"":2250,""width"":2328,""height"":1601}","{""Cervix"":""eos"",""Cervix Shape"":""circle""}",1
1288.jpg,1295180,{},4,0,"{""name"":""point"",""cx"":1345,""cy"":1689}","{""Points"":""p1""}",1
1288.jpg,1295180,{},4,1,"{""name"":""point"",""cx"":1634,""cy"":1595}","{""Points"":""mid""}",1
1288.jpg,1295180,{},4,2,"{""name"":""point"",""cx"":1855,""cy"":1638}","{""Points"":""p2""}",1
1288.jpg,1295180,{},4,3,"{""name"":""rect"",""x"":1125,""y"":832,""width"":1059,""height"":1323}","{""Cervix"":""eos"",""Cervix Shape"":""curve""}",1
1285.jpg,3521004,{},4,0,"{""name"":""point"",""cx"":933,""cy"":1298}","{""Points"":""p1""}",1
1285.jpg,3521004,{},4,1,"{""name"":""point"",""cx"":1031,""cy"":1287}","{""Points"":""mid""}",1
1285.jpg,3521004,{},4,2,"{""name"":""point"",""cx"":1164,""cy"":1255}","{""Points"":""p2""}",1
1285.jpg,3521004,{},4,3,"{""name"":""rect"",""x"":745,""y"":1074,""width"":611,""height"":463}","{""Cervix"":""eos"",""Cervix Shape"":""curve""}",1
1281.jpg,5722220,{},4,0,"{""name"":""point"",""cx"":937,""cy"":2817}","{""Points"":""p1""}",1
1281.jpg,5722220,{},4,1,"{""name"":""point"",""cx"":1326,""cy"":2602}","{""Points"":""mid""}",1
1281.jpg,5722220,{},4,2,"{""name"":""point"",""cx"":1820,""cy"":2543}","{""Points"":""p2""}",1
1281.jpg,5722220,{},4,3,"{""name"":""rect"",""x"":549,""y"":1912,""width"":1889,""height"":1614}","{""Cervix"":""eos"",""Cervix Shape"":""curve""}",1
1279.jpg,1734856,{},4,0,"{""name"":""point"",""cx"":1569,""cy"":1273}","{""Points"":""p1""}",1
1279.jpg,1734856,{},4,1,"{""name"":""point"",""cx"":1743,""cy"":1215}","{""Points"":""mid""}",1
1279.jpg,1734856,{},4,2,"{""name"":""point"",""cx"":1935,""cy"":1139}","{""Points"":""p2""}",1
1279.jpg,1734856,{},4,3,"{""name"":""rect"",""x"":1085,""y"":398,""width"":1143,""height"":1634}","{""Cervix"":""line"",""Cervix Shape"":""line""}",1
1274.jpg,4156509,{},4,0,"{""name"":""point"",""cx"":1226,""cy"":965}","{""Points"":""p1""}",1
1274.jpg,4156509,{},4,1,"{""name"":""point"",""cx"":1326,""cy"":979}","{""Points"":""mid""}",1
1274.jpg,4156509,{},4,2,"{""name"":""point"",""cx"":1413,""cy"":915}","{""Points"":""p2""}",1
1274.jpg,4156509,{},4,3,"{""name"":""rect"",""x"":974,""y"":425,""width"":1015,""height"":1111}","{""Cervix"":""eos"",""Cervix Shape"":""curve""}",1
1273.jpg,2780378,{},4,0,"{""name"":""point"",""cx"":763,""cy"":1671}","{""Points"":""p1""}",1
1273.jpg,2780378,{},4,1,"{""name"":""point"",""cx"":893,""cy"":1656}","{""Points"":""mid""}",1
1273.jpg,2780378,{},4,2,"{""name"":""point"",""cx"":1056,""cy"":1652}","{""Points"":""p2""}",1
1273.jpg,2780378,{},4,3,"{""name"":""rect"",""x"":571,""y"":1287,""width"":835,""height"":853}","{""Cervix"":""eos"",""Cervix Shape"":""curve""}",1
1251.jpg,96086,{},4,0,"{""name"":""point"",""cx"":139,""cy"":305}","{""Points"":""p1""}",1
1251.jpg,96086,{},4,1,"{""name"":""point"",""cx"":195,""cy"":277}","{""Points"":""mid""}",1
1251.jpg,96086,{},4,2,"{""name"":""point"",""cx"":239,""cy"":261}","{""Points"":""p2""}",1
1251.jpg,96086,{},4,3,"{""name"":""rect"",""x"":59,""y"":160,""width"":342,""height"":337}","{""Cervix"":""eos"",""Cervix Shape"":""curve""}",1
1245.jpg,5502545,{},4,0,"{""name"":""point"",""cx"":1702,""cy"":1234}","{""Points"":""p1""}",1
1245.jpg,5502545,{},4,1,"{""name"":""point"",""cx"":1733,""cy"":1317}","{""Points"":""mid""}",1
1245.jpg,5502545,{},4,2,"{""name"":""point"",""cx"":1770,""cy"":1399}","{""Points"":""p2""}",1
1245.jpg,5502545,{},4,3,"{""name"":""rect"",""x"":837,""y"":718,""width"":1491,""height"":1427}","{""Cervix"":""eos"",""Cervix Shape"":""circle""}",1
1239.jpg,7694148,{},4,0,"{""name"":""point"",""cx"":1614,""cy"":1610}","{""Points"":""p1""}",1
1239.jpg,7694148,{},4,1,"{""name"":""point"",""cx"":1665,""cy"":1642}","{""Points"":""mid""}",1
1239.jpg,7694148,{},4,2,"{""name"":""point"",""cx"":1701,""cy"":1665}","{""Points"":""p2""}",1
1239.jpg,7694148,{},4,3,"{""name"":""rect"",""x"":1198,""y"":723,""width"":1038,""height"":1363}","{""Cervix"":""eos"",""Cervix Shape"":""circle""}",1
1230.jpg,2517886,{},4,0,"{""name"":""point"",""cx"":1166,""cy"":2332}","{""Points"":""p1""}",1
1230.jpg,2517886,{},4,1,"{""name"":""point"",""cx"":1450,""cy"":2588}","{""Points"":""mid""}",1
1230.jpg,2517886,{},4,2,"{""name"":""point"",""cx"":1788,""cy"":2954}","{""Points"":""p2""}",1
1230.jpg,2517886,{},4,3,"{""name"":""rect"",""x"":535,""y"":1116,""width"":1925,""height"":2506}","{""Cervix"":""eos"",""Cervix Shape"":""line""}",1
1229.jpg,6863838,{},4,0,"{""name"":""point"",""cx"":1633,""cy"":1998}","{""Points"":""p1""}",1
1229.jpg,6863838,{},4,1,"{""name"":""point"",""cx"":1687,""cy"":2003}","{""Points"":""mid""}",1
1229.jpg,6863838,{},4,2,"{""name"":""point"",""cx"":1733,""cy"":2003}","{""Points"":""p2""}",1
1229.jpg,6863838,{},4,3,"{""name"":""rect"",""x"":1111,""y"":1354,""width"":924,""height"":1034}","{""Cervix"":""eos"",""Cervix Shape"":""circle""}",1
1226.jpg,6997355,{},4,0,"{""name"":""point"",""cx"":1358,""cy"":1537}","{""Points"":""p1""}",1
1226.jpg,6997355,{},4,1,"{""name"":""point"",""cx"":1404,""cy"":1532}","{""Points"":""mid""}",1
1226.jpg,6997355,{},4,2,"{""name"":""point"",""cx"":1454,""cy"":1518}","{""Points"":""p2""}",1
1226.jpg,6997355,{},4,3,"{""name"":""rect"",""x"":791,""y"":777,""width"":965,""height"":1742}","{""Cervix"":""eos"",""Cervix Shape"":""circle""}",1
1223.jpg,6476896,{},4,0,"{""name"":""point"",""cx"":1308,""cy"":2113}","{""Points"":""p1""}",1
1223.jpg,6476896,{},4,1,"{""name"":""point"",""cx"":1445,""cy"":2145}","{""Points"":""mid""}",1
1223.jpg,6476896,{},4,2,"{""name"":""point"",""cx"":1559,""cy"":2204}","{""Points"":""p2""}",1
1223.jpg,6476896,{},4,3,"{""name"":""rect"",""x"":681,""y"":1043,""width"":1724,""height"":2081}","{""Cervix"":""eos"",""Cervix Shape"":""circle""}",1
1220.jpg,5861026,{},4,0,"{""name"":""point"",""cx"":1271,""cy"":3274}","{""Points"":""p1""}",1
1220.jpg,5861026,{},4,1,"{""name"":""point"",""cx"":1601,""cy"":3338}","{""Points"":""mid""}",1
1220.jpg,5861026,{},4,2,"{""name"":""point"",""cx"":1934,""cy"":3279}","{""Points"":""p2""}",1
1220.jpg,5861026,{},4,3,"{""name"":""rect"",""x"":631,""y"":1715,""width"":1921,""height"":2309}","{""Cervix"":""eos"",""Cervix Shape"":""curve""}",1
1204.jpg,2543864,{},4,0,"{""name"":""point"",""cx"":1385,""cy"":1939}","{""Points"":""p1""}",1
1204.jpg,2543864,{},4,1,"{""name"":""point"",""cx"":1628,""cy"":1811}","{""Points"":""mid""}",1
1204.jpg,2543864,{},4,2,"{""name"":""point"",""cx"":1742,""cy"":1998}","{""Points"":""p2""}",1
1204.jpg,2543864,{},4,3,"{""name"":""rect"",""x"":604,""y"":627,""width"":2195,""height"":2881}","{""Cervix"":""eos"",""Cervix Shape"":""curve""}",1
1202.jpg,1965593,{},4,0,"{""name"":""point"",""cx"":880,""cy"":1742}","{""Points"":""p1""}",1
1202.jpg,1965593,{},4,1,"{""name"":""point"",""cx"":1230,""cy"":1687}","{""Points"":""mid""}",1
1202.jpg,1965593,{},4,2,"{""name"":""point"",""cx"":1567,""cy"":1737}","{""Points"":""p2""}",1
1202.jpg,1965593,{},4,3,"{""name"":""rect"",""x"":590,""y"":751,""width"":1784,""height"":1917}","{""Cervix"":""eos"",""Cervix Shape"":""curve""}",1
1199.jpg,3086062,{},4,0,"{""name"":""point"",""cx"":814,""cy"":1479}","{""Points"":""p1""}",1
1199.jpg,3086062,{},4,1,"{""name"":""point"",""cx"":846,""cy"":1475}","{""Points"":""mid""}",1
1199.jpg,3086062,{},4,2,"{""name"":""point"",""cx"":875,""cy"":1475}","{""Points"":""p2""}",1
1199.jpg,3086062,{},4,3,"{""name"":""rect"",""x"":557,""y"":1143,""width"":564,""height"":553}","{""Cervix"":""eos"",""Cervix Shape"":""circle""}",1
1194.jpg,5970046,{},4,0,"{""name"":""point"",""cx"":1816,""cy"":1752}","{""Points"":""p1""}",1
1194.jpg,5970046,{},4,1,"{""name"":""point"",""cx"":1998,""cy"":1738}","{""Points"":""mid""}",1
1194.jpg,5970046,{},4,2,"{""name"":""point"",""cx"":2177,""cy"":1733}","{""Points"":""p2""}",1
1194.jpg,5970046,{},4,3,"{""name"":""rect"",""x"":1130,""y"":370,""width"":1724,""height"":2428}","{""Cervix"":""eos"",""Cervix Shape"":""line""}",1
1190.jpg,2604684,{},4,0,"{""name"":""point"",""cx"":955,""cy"":1801}","{""Points"":""p1""}",1
1190.jpg,2604684,{},4,1,"{""name"":""point"",""cx"":1078,""cy"":1815}","{""Points"":""mid""}",1
1190.jpg,2604684,{},4,2,"{""name"":""point"",""cx"":1240,""cy"":1783}","{""Points"":""p2""}",1
1190.jpg,2604684,{},4,3,"{""name"":""rect"",""x"":756,""y"":1153,""width"":962,""height"":1027}","{""Cervix"":""eos"",""Cervix Shape"":""curve""}",1
1179.jpg,7169790,{},4,0,"{""name"":""point"",""cx"":1491,""cy"":1784}","{""Points"":""p1""}",1
1179.jpg,7169790,{},4,1,"{""name"":""point"",""cx"":1546,""cy"":1797}","{""Points"":""mid""}",1
1179.jpg,7169790,{},4,2,"{""name"":""point"",""cx"":1591,""cy"":1806}","{""Points"":""p2""}",1
1179.jpg,7169790,{},4,3,"{""name"":""rect"",""x"":1043,""y"":1248,""width"":942,""height"":1473}","{""Cervix"":""eos"",""Cervix Shape"":""circle""}",1
1174.jpg,2998435,{},4,0,"{""name"":""point"",""cx"":1157,""cy"":1732}","{""Points"":""p1""}",1
1174.jpg,2998435,{},4,1,"{""name"":""point"",""cx"":1360,""cy"":1718}","{""Points"":""mid""}",1
1174.jpg,2998435,{},4,2,"{""name"":""point"",""cx"":1537,""cy"":1616}","{""Points"":""p2""}",1
1174.jpg,2998435,{},4,3,"{""name"":""rect"",""x"":571,""y"":969,""width"":1266,""height"":1323}","{""Cervix"":""eos"",""Cervix Shape"":""curve""}",1
1168.jpg,4827933,{},4,0,"{""name"":""point"",""cx"":1303,""cy"":2026}","{""Points"":""p1""}",1
1168.jpg,4827933,{},4,1,"{""name"":""point"",""cx"":1765,""cy"":2081}","{""Points"":""mid""}",1
1168.jpg,4827933,{},4,2,"{""name"":""point"",""cx"":2195,""cy"":2122}","{""Points"":""p2""}",1
1168.jpg,4827933,{},4,3,"{""name"":""rect"",""x"":535,""y"":928,""width"":2186,""height"":1934}","{""Cervix"":""eos"",""Cervix Shape"":""line""}",1
1161.jpg,3022028,{},4,0,"{""name"":""point"",""cx"":698,""cy"":1255}","{""Points"":""p1""}",1
1161.jpg,3022028,{},4,1,"{""name"":""point"",""cx"":828,""cy"":1363}","{""Points"":""mid""}",1
1161.jpg,3022028,{},4,2,"{""name"":""point"",""cx"":1009,""cy"":1342}","{""Points"":""p2""}",1
1161.jpg,3022028,{},4,3,"{""name"":""rect"",""x"":369,""y"":662,""width"":1045,""height"":1172}","{""Cervix"":""eos"",""Cervix Shape"":""curve""}",1
1154.jpg,2713577,{},4,0,"{""name"":""point"",""cx"":1186,""cy"":1511}","{""Points"":""p1""}",1
1154.jpg,2713577,{},4,1,"{""name"":""point"",""cx"":1280,""cy"":1544}","{""Points"":""mid""}",1
1154.jpg,2713577,{},4,2,"{""name"":""point"",""cx"":1360,""cy"":1493}","{""Points"":""p2""}",1
1154.jpg,2713577,{},4,3,"{""name"":""rect"",""x"":973,""y"":806,""width"":850,""height"":1182}","{""Cervix"":""eos"",""Cervix Shape"":""curve""}",1
1139.jpg,2900007,{},4,0,"{""name"":""point"",""cx"":1015,""cy"":1331}","{""Points"":""p1""}",1
1139.jpg,2900007,{},4,1,"{""name"":""point"",""cx"":1340,""cy"":1381}","{""Points"":""mid""}",1
1139.jpg,2900007,{},4,2,"{""name"":""point"",""cx"":1761,""cy"":1363}","{""Points"":""p2""}",1
1139.jpg,2900007,{},4,3,"{""name"":""rect"",""x"":270,""y"":448,""width"":2401,""height"":1962}","{""Cervix"":""eos"",""Cervix Shape"":""line""}",1
1136.jpg,2769251,{},4,0,"{""name"":""point"",""cx"":1107,""cy"":2049}","{""Points"":""p1""}",1
1136.jpg,2769251,{},4,1,"{""name"":""point"",""cx"":1372,""cy"":2030}","{""Points"":""mid""}",1
1136.jpg,2769251,{},4,2,"{""name"":""point"",""cx"":1514,""cy"":1916}","{""Points"":""p2""}",1
1136.jpg,2769251,{},4,3,"{""name"":""rect"",""x"":677,""y"":846,""width"":1779,""height"":2378}","{""Cervix"":""eos"",""Cervix Shape"":""curve""}",1
1134.jpg,2946922,{},4,0,"{""name"":""point"",""cx"":1061,""cy"":1344}","{""Points"":""p1""}",1
1134.jpg,2946922,{},4,1,"{""name"":""point"",""cx"":1189,""cy"":1303}","{""Points"":""mid""}",1
1134.jpg,2946922,{},4,2,"{""name"":""point"",""cx"":1290,""cy"":1285}","{""Points"":""p2""}",1
1134.jpg,2946922,{},4,3,"{""name"":""rect"",""x"":187,""y"":549,""width"":1912,""height"":1925}","{""Cervix"":""eos"",""Cervix Shape"":""curve""}",1
1131.jpg,8224893,{},4,0,"{""name"":""point"",""cx"":1344,""cy"":1633}","{""Points"":""p1""}",1
1131.jpg,8224893,{},4,1,"{""name"":""point"",""cx"":1450,""cy"":1633}","{""Points"":""mid""}",1
1131.jpg,8224893,{},4,2,"{""name"":""point"",""cx"":1523,""cy"":1614}","{""Points"":""p2""}",1
1131.jpg,8224893,{},4,3,"{""name"":""rect"",""x"":846,""y"":1079,""width"":970,""height"":1029}","{""Cervix"":""eos"",""Cervix Shape"":""curve""}",1
1123.jpg,2685178,{},4,0,"{""name"":""point"",""cx"":1280,""cy"":3123}","{""Points"":""p1""}",1
1123.jpg,2685178,{},4,1,"{""name"":""point"",""cx"":1431,""cy"":3105}","{""Points"":""mid""}",1
1123.jpg,2685178,{},4,2,"{""name"":""point"",""cx"":1637,""cy"":3050}","{""Points"":""p2""}",1
1123.jpg,2685178,{},4,3,"{""name"":""rect"",""x"":681,""y"":1957,""width"":1852,""height"":1998}","{""Cervix"":""eos"",""Cervix Shape"":""line""}",1
1105.jpg,7815671,{},4,0,"{""name"":""point"",""cx"":1006,""cy"":2401}","{""Points"":""p1""}",1
1105.jpg,7815671,{},4,1,"{""name"":""point"",""cx"":1070,""cy"":2424}","{""Points"":""mid""}",1
1105.jpg,7815671,{},4,2,"{""name"":""point"",""cx"":1125,""cy"":2396}","{""Points"":""p2""}",1
1105.jpg,7815671,{},4,3,"{""name"":""rect"",""x"":819,""y"":2122,""width"":901,""height"":759}","{""Cervix"":""eos"",""Cervix Shape"":""curve""}",1
1100.jpg,3112183,{},4,0,"{""name"":""point"",""cx"":998,""cy"":1624}","{""Points"":""p1""}",1
1100.jpg,3112183,{},4,1,"{""name"":""point"",""cx"":1092,""cy"":1674}","{""Points"":""mid""}",1
1100.jpg,3112183,{},4,2,"{""name"":""point"",""cx"":1193,""cy"":1631}","{""Points"":""p2""}",1
1100.jpg,3112183,{},4,3,"{""name"":""rect"",""x"":705,""y"":767,""width"":965,""height"":1146}","{""Cervix"":""eos"",""Cervix Shape"":""curve""}",1
1093.jpg,2867024,{},4,0,"{""name"":""point"",""cx"":1197,""cy"":1605}","{""Points"":""p1""}",1
1093.jpg,2867024,{},4,1,"{""name"":""point"",""cx"":1244,""cy"":1595}","{""Points"":""mid""}",1
1093.jpg,2867024,{},4,2,"{""name"":""point"",""cx"":1295,""cy"":1577}","{""Points"":""p2""}",1
1093.jpg,2867024,{},4,3,"{""name"":""rect"",""x"":984,""y"":1262,""width"":586,""height"":607}","{""Cervix"":""eos"",""Cervix Shape"":""curve""}",1
1079.jpg,3689136,{},4,0,"{""name"":""point"",""cx"":951,""cy"":1291}","{""Points"":""p1""}",1
1079.jpg,3689136,{},4,1,"{""name"":""point"",""cx"":1142,""cy"":1305}","{""Points"":""mid""}",1
1079.jpg,3689136,{},4,2,"{""name"":""point"",""cx"":1323,""cy"":1273}","{""Points"":""p2""}",1
1079.jpg,3689136,{},4,3,"{""name"":""rect"",""x"":257,""y"":850,""width"":1869,""height"":1555}","{""Cervix"":""eos"",""Cervix Shape"":""curve""}",1
1077.jpg,6994733,{},4,0,"{""name"":""point"",""cx"":476,""cy"":1399}","{""Points"":""p1""}",1
1077.jpg,6994733,{},4,1,"{""name"":""point"",""cx"":814,""cy"":1340}","{""Points"":""mid""}",1
1077.jpg,6994733,{},4,2,"{""name"":""point"",""cx"":1116,""cy"":1335}","{""Points"":""p2""}",1
1077.jpg,6994733,{},4,3,"{""name"":""rect"",""x"":206,""y"":773,""width"":1308,""height"":1601}","{""Cervix"":""eos"",""Cervix Shape"":""curve""}",1
1071.jpg,2985562,{},4,0,"{""name"":""point"",""cx"":1193,""cy"":1508}","{""Points"":""p1""}",1
1071.jpg,2985562,{},4,1,"{""name"":""point"",""cx"":1273,""cy"":1555}","{""Points"":""mid""}",1
1071.jpg,2985562,{},4,2,"{""name"":""point"",""cx"":1331,""cy"":1624}","{""Points"":""p2""}",1
1071.jpg,2985562,{},4,3,"{""name"":""rect"",""x"":850,""y"":1049,""width"":1067,""height"":843}","{""Cervix"":""eos"",""Cervix Shape"":""curve""}",1
1070.jpg,3878669,{},4,0,"{""name"":""point"",""cx"":1305,""cy"":1139}","{""Points"":""p1""}",1
1070.jpg,3878669,{},4,1,"{""name"":""point"",""cx"":1342,""cy"":1168}","{""Points"":""mid""}",1
1070.jpg,3878669,{},4,2,"{""name"":""point"",""cx"":1392,""cy"":1186}","{""Points"":""p2""}",1
1070.jpg,3878669,{},4,3,"{""name"":""rect"",""x"":958,""y"":723,""width"":792,""height"":853}","{""Cervix"":""eos"",""Cervix Shape"":""circle""}",1
1061.jpg,2233745,{},4,0,"{""name"":""point"",""cx"":1153,""cy"":1772}","{""Points"":""p1""}",1
1061.jpg,2233745,{},4,1,"{""name"":""point"",""cx"":1175,""cy"":1794}","{""Points"":""mid""}",1
1061.jpg,2233745,{},4,2,"{""name"":""point"",""cx"":1172,""cy"":1826}","{""Points"":""p2""}",1
1061.jpg,2233745,{},4,3,"{""name"":""rect"",""x"":926,""y"":1439,""width"":550,""height"":698}","{""Cervix"":""eos"",""Cervix Shape"":""circle""}",1
1059.jpg,6559177,{},4,0,"{""name"":""point"",""cx"":1216,""cy"":855}","{""Points"":""p1""}",1
1059.jpg,6559177,{},4,1,"{""name"":""point"",""cx"":1367,""cy"":896}","{""Points"":""mid""}",1
1059.jpg,6559177,{},4,2,"{""name"":""point"",""cx"":1441,""cy"":933}","{""Points"":""p2""}",1
1059.jpg,6559177,{},4,3,"{""name"":""rect"",""x"":421,""y"":416,""width"":1761,""height"":1006}","{""Cervix"":""eos"",""Cervix Shape"":""curve""}",1
1056.jpg,1768737,{},4,0,"{""name"":""point"",""cx"":1385,""cy"":1349}","{""Points"":""p1""}",1
1056.jpg,1768737,{},4,1,"{""name"":""point"",""cx"":1569,""cy"":1345}","{""Points"":""mid""}",1
1056.jpg,1768737,{},4,2,"{""name"":""point"",""cx"":1739,""cy"":1370}","{""Points"":""p2""}",1
1056.jpg,1768737,{},4,3,"{""name"":""rect"",""x"":662,""y"":712,""width"":1490,""height"":1161}","{""Cervix"":""eos"",""Cervix Shape"":""curve""}",1
1040.jpg,2805281,{},4,0,"{""name"":""point"",""cx"":1273,""cy"":1291}","{""Points"":""p1""}",1
1040.jpg,2805281,{},4,1,"{""name"":""point"",""cx"":1360,""cy"":1237}","{""Points"":""mid""}",1
1040.jpg,2805281,{},4,2,"{""name"":""point"",""cx"":1450,""cy"":1233}","{""Points"":""p2""}",1
1040.jpg,2805281,{},4,3,"{""name"":""rect"",""x"":1020,""y"":839,""width"":709,""height"":749}","{""Cervix"":""eos"",""Cervix Shape"":""curve""}",1
1033.jpg,6397324,{},4,0,"{""name"":""point"",""cx"":1084,""cy"":2648}","{""Points"":""p1""}",1
1033.jpg,6397324,{},4,1,"{""name"":""point"",""cx"":1175,""cy"":2556}","{""Points"":""mid""}",1
1033.jpg,6397324,{},4,2,"{""name"":""point"",""cx"":1303,""cy"":2529}","{""Points"":""p2""}",1
1033.jpg,6397324,{},4,3,"{""name"":""rect"",""x"":398,""y"":1811,""width"":1651,""height"":1683}","{""Cervix"":""eos"",""Cervix Shape"":""curve""}",1
998.jpg,2523524,{},4,0,"{""name"":""point"",""cx"":1291,""cy"":1486}","{""Points"":""p1""}",1
998.jpg,2523524,{},4,1,"{""name"":""point"",""cx"":1352,""cy"":1490}","{""Points"":""mid""}",1
998.jpg,2523524,{},4,2,"{""name"":""point"",""cx"":1410,""cy"":1475}","{""Points"":""p2""}",1
998.jpg,2523524,{},4,3,"{""name"":""rect"",""x"":459,""y"":792,""width"":1783,""height"":1685}","{""Cervix"":""eos"",""Cervix Shape"":""circle""}",1
991.jpg,4036996,{},4,0,"{""name"":""point"",""cx"":1103,""cy"":1692}","{""Points"":""p1""}",1
991.jpg,4036996,{},4,1,"{""name"":""point"",""cx"":1211,""cy"":1681}","{""Points"":""mid""}",1
991.jpg,4036996,{},4,2,"{""name"":""point"",""cx"":1298,""cy"":1706}","{""Points"":""p2""}",1
991.jpg,4036996,{},4,3,"{""name"":""rect"",""x"":875,""y"":607,""width"":962,""height"":1204}","{""Cervix"":""eos"",""Cervix Shape"":""curve""}",1
984.jpg,2648682,{},4,0,"{""name"":""point"",""cx"":1802,""cy"":1120}","{""Points"":""p1""}",1
984.jpg,2648682,{},4,1,"{""name"":""point"",""cx"":2117,""cy"":1084}","{""Points"":""mid""}",1
984.jpg,2648682,{},4,2,"{""name"":""point"",""cx"":2337,""cy"":1143}","{""Points"":""p2""}",1
984.jpg,2648682,{},4,3,"{""name"":""rect"",""x"":1120,""y"":576,""width"":1770,""height"":1889}","{""Cervix"":""eos"",""Cervix Shape"":""curve""}",1
982.jpg,2683644,{},4,0,"{""name"":""point"",""cx"":1002,""cy"":2036}","{""Points"":""p1""}",1
982.jpg,2683644,{},4,1,"{""name"":""point"",""cx"":1052,""cy"":1989}","{""Points"":""mid""}",1
982.jpg,2683644,{},4,2,"{""name"":""point"",""cx"":1081,""cy"":1945}","{""Points"":""p2""}",1
982.jpg,2683644,{},4,3,"{""name"":""rect"",""x"":542,""y"":1479,""width"":886,""height"":904}","{""Cervix"":""eos"",""Cervix Shape"":""circle""}",1
977.jpg,2898881,{},4,0,"{""name"":""point"",""cx"":1477,""cy"":2511}","{""Points"":""p1""}",1
977.jpg,2898881,{},4,1,"{""name"":""point"",""cx"":1761,""cy"":2419}","{""Points"":""mid""}",1
977.jpg,2898881,{},4,2,"{""name"":""point"",""cx"":2017,""cy"":2277}","{""Points"":""p2""}",1
977.jpg,2898881,{},4,3,"{""name"":""rect"",""x"":416,""y"":814,""width"":2552,""height"":2726}","{""Cervix"":""eos"",""Cervix Shape"":""circle""}",1
972.jpg,6478327,{},4,0,"{""name"":""point"",""cx"":1358,""cy"":2762}","{""Points"":""p1""}",1
972.jpg,6478327,{},4,1,"{""name"":""point"",""cx"":1646,""cy"":2712}","{""Points"":""mid""}",1
972.jpg,6478327,{},4,2,"{""name"":""point"",""cx"":1966,""cy"":2483}","{""Points"":""p2""}",1
972.jpg,6478327,{},4,3,"{""name"":""rect"",""x"":800,""y"":2008,""width"":1518,""height"":1418}","{""Cervix"":""eos"",""Cervix Shape"":""curve""}",1
1027.jpg,3604260,{},4,0,"{""name"":""point"",""cx"":1339,""cy"":1860}","{""Points"":""p1""}",1
1027.jpg,3604260,{},4,1,"{""name"":""point"",""cx"":1367,""cy"":1897}","{""Points"":""mid""}",1
1027.jpg,3604260,{},4,2,"{""name"":""point"",""cx"":1385,""cy"":1929}","{""Points"":""p2""}",1
1027.jpg,3604260,{},4,3,"{""name"":""rect"",""x"":768,""y"":1362,""width"":841,""height"":1321}","{""Cervix"":""eos"",""Cervix Shape"":""circle""}",1
1026.jpg,6880081,{},4,0,"{""name"":""point"",""cx"":1006,""cy"":2291}","{""Points"":""p1""}",1
1026.jpg,6880081,{},4,1,"{""name"":""point"",""cx"":1111,""cy"":2241}","{""Points"":""mid""}",1
1026.jpg,6880081,{},4,2,"{""name"":""point"",""cx"":1166,""cy"":2145}","{""Points"":""p2""}",1
1026.jpg,6880081,{},4,3,"{""name"":""rect"",""x"":809,""y"":1687,""width"":937,""height"":1125}","{""Cervix"":""eos"",""Cervix Shape"":""curve""}",1
1024.jpg,3418448,{},4,0,"{""name"":""point"",""cx"":1002,""cy"":1280}","{""Points"":""p1""}",1
1024.jpg,3418448,{},4,1,"{""name"":""point"",""cx"":1074,""cy"":1255}","{""Points"":""mid""}",1
1024.jpg,3418448,{},4,2,"{""name"":""point"",""cx"":1125,""cy"":1219}","{""Points"":""p2""}",1
1024.jpg,3418448,{},4,3,"{""name"":""rect"",""x"":712,""y"":824,""width"":694,""height"":803}","{""Cervix"":""eos"",""Cervix Shape"":""curve""}",1
1023.jpg,3039344,{},4,0,"{""name"":""point"",""cx"":773,""cy"":1907}","{""Points"":""p1""}",1
1023.jpg,3039344,{},4,1,"{""name"":""point"",""cx"":1061,""cy"":1852}","{""Points"":""mid""}",1
1023.jpg,3039344,{},4,2,"{""name"":""point"",""cx"":1340,""cy"":1806}","{""Points"":""p2""}",1
1023.jpg,3039344,{},4,3,"{""name"":""rect"",""x"":64,""y"":988,""width"":2396,""height"":2378}","{""Cervix"":""eos"",""Cervix Shape"":""curve""}",1
1019.jpg,2311516,{},4,0,"{""name"":""point"",""cx"":1067,""cy"":2343}","{""Points"":""p1""}",1
1019.jpg,2311516,{},4,1,"{""name"":""point"",""cx"":1179,""cy"":2293}","{""Points"":""mid""}",1
1019.jpg,2311516,{},4,2,"{""name"":""point"",""cx"":1287,""cy"":2289}","{""Points"":""p2""}",1
1019.jpg,2311516,{},4,3,"{""name"":""rect"",""x"":445,""y"":1414,""width"":1558,""height"":1309}","{""Cervix"":""eos"",""Cervix Shape"":""curve""}",1
1014.jpg,6796016,{},4,0,"{""name"":""point"",""cx"":1326,""cy"":1953}","{""Points"":""p1""}",1
1014.jpg,6796016,{},4,1,"{""name"":""point"",""cx"":1482,""cy"":1930}","{""Points"":""mid""}",1
1014.jpg,6796016,{},4,2,"{""name"":""point"",""cx"":1642,""cy"":1957}","{""Points"":""p2""}",1
1014.jpg,6796016,{},4,3,"{""name"":""rect"",""x"":905,""y"":979,""width"":1404,""height"":1793}","{""Cervix"":""eos"",""Cervix Shape"":""curve""}",1
1013.jpg,3065284,{},4,0,"{""name"":""point"",""cx"":871,""cy"":1786}","{""Points"":""p1""}",1
1013.jpg,3065284,{},4,1,"{""name"":""point"",""cx"":940,""cy"":1786}","{""Points"":""mid""}",1
1013.jpg,3065284,{},4,2,"{""name"":""point"",""cx"":1005,""cy"":1775}","{""Points"":""p2""}",1
1013.jpg,3065284,{},4,3,"{""name"":""rect"",""x"":452,""y"":1396,""width"":1070,""height"":850}","{""Cervix"":""eos"",""Cervix Shape"":""curve""}",1
965.jpg,2946359,{},4,0,"{""name"":""point"",""cx"":929,""cy"":1909}","{""Points"":""p1""}",1
965.jpg,2946359,{},4,1,"{""name"":""point"",""cx"":1110,""cy"":1945}","{""Points"":""mid""}",1
965.jpg,2946359,{},4,2,"{""name"":""point"",""cx"":1345,""cy"":1974}","{""Points"":""p2""}",1
965.jpg,2946359,{},4,3,"{""name"":""rect"",""x"":785,""y"":701,""width"":1385,""height"":2079}","{""Cervix"":""eos"",""Cervix Shape"":""line""}",1
930.jpg,6027926,{},4,0,"{""name"":""point"",""cx"":1399,""cy"":2099}","{""Points"":""p1""}",1
930.jpg,6027926,{},4,1,"{""name"":""point"",""cx"":1495,""cy"":2122}","{""Points"":""mid""}",1
930.jpg,6027926,{},4,2,"{""name"":""point"",""cx"":1601,""cy"":2122}","{""Points"":""p2""}",1
930.jpg,6027926,{},4,3,"{""name"":""rect"",""x"":357,""y"":1171,""width"":1719,""height"":1619}","{""Cervix"":""eos"",""Cervix Shape"":""curve""}",1
928.jpg,7316510,{},4,0,"{""name"":""point"",""cx"":544,""cy"":1601}","{""Points"":""p1""}",1
928.jpg,7316510,{},4,1,"{""name"":""point"",""cx"":700,""cy"":1550}","{""Points"":""mid""}",1
928.jpg,7316510,{},4,2,"{""name"":""point"",""cx"":905,""cy"":1532}","{""Points"":""p2""}",1
928.jpg,7316510,{},4,3,"{""name"":""rect"",""x"":224,""y"":1084,""width"":1207,""height"":1317}","{""Cervix"":""eos"",""Cervix Shape"":""curve""}",1
921.jpg,1803637,{},4,0,"{""name"":""point"",""cx"":1963,""cy"":834}","{""Points"":""p1""}",1
921.jpg,1803637,{},4,1,"{""name"":""point"",""cx"":2065,""cy"":986}","{""Points"":""mid""}",1
921.jpg,1803637,{},4,2,"{""name"":""point"",""cx"":2189,""cy"":1088}","{""Points"":""p2""}",1
921.jpg,1803637,{},4,3,"{""name"":""rect"",""x"":668,""y"":521,""width"":1963,""height"":1797}","{""Cervix"":""eos"",""Cervix Shape"":""curve""}",1
920.jpg,4714028,{},4,0,"{""name"":""point"",""cx"":1527,""cy"":1340}","{""Points"":""p1""}",1
920.jpg,4714028,{},4,1,"{""name"":""point"",""cx"":1573,""cy"":1477}","{""Points"":""mid""}",1
920.jpg,4714028,{},4,2,"{""name"":""point"",""cx"":1701,""cy"":1505}","{""Points"":""p2""}",1
920.jpg,4714028,{},4,3,"{""name"":""rect"",""x"":645,""y"":55,""width"":2378,""height"":2895}","{""Cervix"":""eos"",""Cervix Shape"":""curve""}",1
918.jpg,3172015,{},4,0,"{""name"":""point"",""cx"":1518,""cy"":2058}","{""Points"":""p1""}",1
918.jpg,3172015,{},4,1,"{""name"":""point"",""cx"":1861,""cy"":2108}","{""Points"":""mid""}",1
918.jpg,3172015,{},4,2,"{""name"":""point"",""cx"":2099,""cy"":2136}","{""Points"":""p2""}",1
918.jpg,3172015,{},4,3,"{""name"":""rect"",""x"":274,""y"":562,""width"":2428,""height"":2437}","{""Cervix"":""eos"",""Cervix Shape"":""curve""}",1
917.jpg,2426513,{},4,0,"{""name"":""point"",""cx"":1116,""cy"":2204}","{""Points"":""p1""}",1
917.jpg,2426513,{},4,1,"{""name"":""point"",""cx"":1413,""cy"":2227}","{""Points"":""mid""}",1
917.jpg,2426513,{},4,2,"{""name"":""point"",""cx"":1587,""cy"":2291}","{""Points"":""p2""}",1
917.jpg,2426513,{},4,3,"{""name"":""rect"",""x"":160,""y"":485,""width"":2584,""height"":2995}","{""Cervix"":""eos"",""Cervix Shape"":""circle""}",1
908.jpg,2961175,{},4,0,"{""name"":""point"",""cx"":926,""cy"":1631}","{""Points"":""p1""}",1
908.jpg,2961175,{},4,1,"{""name"":""point"",""cx"":1056,""cy"":1645}","{""Points"":""mid""}",1
908.jpg,2961175,{},4,2,"{""name"":""point"",""cx"":1139,""cy"":1656}","{""Points"":""p2""}",1
908.jpg,2961175,{},4,3,"{""name"":""rect"",""x"":759,""y"":1168,""width"":683,""height"":835}","{""Cervix"":""eos"",""Cervix Shape"":""curve""}",1
906.jpg,3251244,{},4,0,"{""name"":""point"",""cx"":1161,""cy"":1812}","{""Points"":""p1""}",1
906.jpg,3251244,{},4,1,"{""name"":""point"",""cx"":1229,""cy"":1826}","{""Points"":""mid""}",1
906.jpg,3251244,{},4,2,"{""name"":""point"",""cx"":1291,""cy"":1819}","{""Points"":""p2""}",1
906.jpg,3251244,{},4,3,"{""name"":""rect"",""x"":629,""y"":984,""width"":1157,""height"":1475}","{""Cervix"":""eos"",""Cervix Shape"":""curve""}",1
901.jpg,2077870,{},4,0,"{""name"":""point"",""cx"":1161,""cy"":1186}","{""Points"":""p1""}",1
901.jpg,2077870,{},4,1,"{""name"":""point"",""cx"":1211,""cy"":1168}","{""Points"":""mid""}",1
901.jpg,2077870,{},4,2,"{""name"":""point"",""cx"":1258,""cy"":1157}","{""Points"":""p2""}",1
901.jpg,2077870,{},4,3,"{""name"":""rect"",""x"":452,""y"":651,""width"":1005,""height"":738}","{""Cervix"":""eos"",""Cervix Shape"":""circle""}",1
895.jpg,3116646,{},4,0,"{""name"":""point"",""cx"":1204,""cy"":1146}","{""Points"":""p1""}",1
895.jpg,3116646,{},4,1,"{""name"":""point"",""cx"":1284,""cy"":1139}","{""Points"":""mid""}",1
895.jpg,3116646,{},4,2,"{""name"":""point"",""cx"":1331,""cy"":1143}","{""Points"":""p2""}",1
895.jpg,3116646,{},4,3,"{""name"":""rect"",""x"":861,""y"":676,""width"":777,""height"":785}","{""Cervix"":""eos"",""Cervix Shape"":""curve""}",1
891.jpg,6433234,{},4,0,"{""name"":""point"",""cx"":1309,""cy"":1631}","{""Points"":""p1""}",1
891.jpg,6433234,{},4,1,"{""name"":""point"",""cx"":1396,""cy"":1696}","{""Points"":""mid""}",1
891.jpg,6433234,{},4,2,"{""name"":""point"",""cx"":1553,""cy"":1645}","{""Points"":""p2""}",1
891.jpg,6433234,{},4,3,"{""name"":""rect"",""x"":1028,""y"":1157,""width"":1166,""height"":1364}","{""Cervix"":""eos"",""Cervix Shape"":""curve""}",1
890.jpg,4875840,{},4,0,"{""name"":""point"",""cx"":1056,""cy"":2218}","{""Points"":""p1""}",1
890.jpg,4875840,{},4,1,"{""name"":""point"",""cx"":1194,""cy"":2186}","{""Points"":""mid""}",1
890.jpg,4875840,{},4,2,"{""name"":""point"",""cx"":1390,""cy"":2136}","{""Points"":""p2""}",1
890.jpg,4875840,{},4,3,"{""name"":""rect"",""x"":476,""y"":640,""width"":1998,""height"":2460}","{""Cervix"":""eos"",""Cervix Shape"":""curve""}",1
889.jpg,1664219,{},4,0,"{""name"":""point"",""cx"":1628,""cy"":2731}","{""Points"":""p1""}",1
889.jpg,1664219,{},4,1,"{""name"":""point"",""cx"":1980,""cy"":2872}","{""Points"":""mid""}",1
889.jpg,1664219,{},4,2,"{""name"":""point"",""cx"":2195,""cy"":2579}","{""Points"":""p2""}",1
889.jpg,1664219,{},4,3,"{""name"":""rect"",""x"":1102,""y"":1774,""width"":1555,""height"":1674}","{""Cervix"":""eos"",""Cervix Shape"":""curve""}",1
887.jpg,7318718,{},4,0,"{""name"":""point"",""cx"":1633,""cy"":1610}","{""Points"":""p1""}",1
887.jpg,7318718,{},4,1,"{""name"":""point"",""cx"":1852,""cy"":1674}","{""Points"":""mid""}",1
887.jpg,7318718,{},4,2,"{""name"":""point"",""cx"":2090,""cy"":1646}","{""Points"":""p2""}",1
887.jpg,7318718,{},4,3,"{""name"":""rect"",""x"":924,""y"":1107,""width"":1715,""height"":1212}","{""Cervix"":""eos"",""Cervix Shape"":""curve""}",1
880.jpg,2551992,{},4,0,"{""name"":""point"",""cx"":2047,""cy"":1159}","{""Points"":""p1""}",1
880.jpg,2551992,{},4,1,"{""name"":""point"",""cx"":2126,""cy"":1001}","{""Points"":""mid""}",1
880.jpg,2551992,{},4,2,"{""name"":""point"",""cx"":2235,""cy"":915}","{""Points"":""p2""}",1
880.jpg,2551992,{},4,3,"{""name"":""rect"",""x"":1238,""y"":747,""width"":2321,""height"":1063}","{""Cervix"":""eos"",""Cervix Shape"":""curve""}",1
879.jpg,2153370,{},4,0,"{""name"":""point"",""cx"":1179,""cy"":1931}","{""Points"":""p1""}",1
879.jpg,2153370,{},4,1,"{""name"":""point"",""cx"":1432,""cy"":1942}","{""Points"":""mid""}",1
879.jpg,2153370,{},4,2,"{""name"":""point"",""cx"":1566,""cy"":1786}","{""Points"":""p2""}",1
879.jpg,2153370,{},4,3,"{""name"":""rect"",""x"":427,""y"":680,""width"":1667,""height"":1584}","{""Cervix"":""eos"",""Cervix Shape"":""curve""}",1
873.jpg,2267412,{},4,0,"{""name"":""point"",""cx"":1190,""cy"":1714}","{""Points"":""p1""}",1
873.jpg,2267412,{},4,1,"{""name"":""point"",""cx"":1266,""cy"":1649}","{""Points"":""mid""}",1
873.jpg,2267412,{},4,2,"{""name"":""point"",""cx"":1356,""cy"":1609}","{""Points"":""p2""}",1
873.jpg,2267412,{},4,3,"{""name"":""rect"",""x"":683,""y"":900,""width"":1153,""height"":1215}","{""Cervix"":""eos"",""Cervix Shape"":""curve""}",1
855.jpg,3019889,{},4,0,"{""name"":""point"",""cx"":1099,""cy"":2488}","{""Points"":""p1""}",1
855.jpg,3019889,{},4,1,"{""name"":""point"",""cx"":1204,""cy"":2470}","{""Points"":""mid""}",1
855.jpg,3019889,{},4,2,"{""name"":""point"",""cx"":1284,""cy"":2444}","{""Points"":""p2""}",1
855.jpg,3019889,{},4,3,"{""name"":""rect"",""x"":781,""y"":1851,""width"":839,""height"":915}","{""Cervix"":""eos"",""Cervix Shape"":""curve""}",1
846.jpg,4423081,{},4,0,"{""name"":""point"",""cx"":1110,""cy"":1540}","{""Points"":""p1""}",1
846.jpg,4423081,{},4,1,"{""name"":""point"",""cx"":1160,""cy"":1562}","{""Points"":""mid""}",1
846.jpg,4423081,{},4,2,"{""name"":""point"",""cx"":1219,""cy"":1559}","{""Points"":""p2""}",1
846.jpg,4423081,{},4,3,"{""name"":""rect"",""x"":879,""y"":1345,""width"":640,""height"":654}","{""Cervix"":""eos"",""Cervix Shape"":""curve""}",1
842.jpg,2970372,{},4,0,"{""name"":""point"",""cx"":1253,""cy"":2662}","{""Points"":""p1""}",1
842.jpg,2970372,{},4,1,"{""name"":""point"",""cx"":1610,""cy"":2762}","{""Points"":""mid""}",1
842.jpg,2970372,{},4,2,"{""name"":""point"",""cx"":1912,""cy"":2648}","{""Points"":""p2""}",1
842.jpg,2970372,{},4,3,"{""name"":""rect"",""x"":462,""y"":1116,""width"":2410,""height"":2424}","{""Cervix"":""eos"",""Cervix Shape"":""curve""}",1
836.jpg,2998957,{},4,0,"{""name"":""point"",""cx"":1320,""cy"":1949}","{""Points"":""p1""}",1
836.jpg,2998957,{},4,1,"{""name"":""point"",""cx"":1363,""cy"":1970}","{""Points"":""mid""}",1
836.jpg,2998957,{},4,2,"{""name"":""point"",""cx"":1418,""cy"":1967}","{""Points"":""p2""}",1
836.jpg,2998957,{},4,3,"{""name"":""rect"",""x"":890,""y"":1573,""width"":922,""height"":1016}","{""Cervix"":""eos"",""Cervix Shape"":""curve""}",1
833.jpg,71154,{},4,0,"{""name"":""point"",""cx"":213,""cy"":349}","{""Points"":""p1""}",1
833.jpg,71154,{},4,1,"{""name"":""point"",""cx"":250,""cy"":354}","{""Points"":""mid""}",1
833.jpg,71154,{},4,2,"{""name"":""point"",""cx"":288,""cy"":352}","{""Points"":""p2""}",1
833.jpg,71154,{},4,3,"{""name"":""rect"",""x"":36,""y"":50,""width"":390,""height"":461}","{""Cervix"":""eos"",""Cervix Shape"":""curve""}",1
821.jpg,4008373,{},4,0,"{""name"":""point"",""cx"":1866,""cy"":2200}","{""Points"":""p1""}",1
821.jpg,4008373,{},4,1,"{""name"":""point"",""cx"":2030,""cy"":2259}","{""Points"":""mid""}",1
821.jpg,4008373,{},4,2,"{""name"":""point"",""cx"":2223,""cy"":2296}","{""Points"":""p2""}",1
821.jpg,4008373,{},4,3,"{""name"":""rect"",""x"":1139,""y"":992,""width"":1285,""height"":1953}","{""Cervix"":""eos"",""Cervix Shape"":""curve""}",1
817.jpg,6582482,{},4,0,"{""name"":""point"",""cx"":1747,""cy"":2575}","{""Points"":""p1""}",1
817.jpg,6582482,{},4,1,"{""name"":""point"",""cx"":2030,""cy"":2703}","{""Points"":""mid""}",1
817.jpg,6582482,{},4,2,"{""name"":""point"",""cx"":2287,""cy"":2858}","{""Points"":""p2""}",1
817.jpg,6582482,{},4,3,"{""name"":""rect"",""x"":1047,""y"":1907,""width"":1701,""height"":1697}","{""Cervix"":""eos"",""Cervix Shape"":""curve""}",1
814.jpg,3390703,{},4,0,"{""name"":""point"",""cx"":647,""cy"":1949}","{""Points"":""p1""}",1
814.jpg,3390703,{},4,1,"{""name"":""point"",""cx"":882,""cy"":1949}","{""Points"":""mid""}",1
814.jpg,3390703,{},4,2,"{""name"":""point"",""cx"":1103,""cy"":1909}","{""Points"":""p2""}",1
814.jpg,3390703,{},4,3,"{""name"":""rect"",""x"":344,""y"":1204,""width"":1475,""height"":1497}","{""Cervix"":""eos"",""Cervix Shape"":""curve""}",1
810.jpg,6157082,{},4,0,"{""name"":""point"",""cx"":2076,""cy"":1646}","{""Points"":""p1""}",1
810.jpg,6157082,{},4,1,"{""name"":""point"",""cx"":2172,""cy"":1651}","{""Points"":""mid""}",1
810.jpg,6157082,{},4,2,"{""name"":""point"",""cx"":2255,""cy"":1642}","{""Points"":""p2""}",1
810.jpg,6157082,{},4,3,"{""name"":""rect"",""x"":1816,""y"":1477,""width"":691,""height"":1134}","{""Cervix"":""eos"",""Cervix Shape"":""curve""}",1
809.jpg,7861043,{},4,0,"{""name"":""point"",""cx"":1184,""cy"":1651}","{""Points"":""p1""}",1
809.jpg,7861043,{},4,1,"{""name"":""point"",""cx"":1395,""cy"":1678}","{""Points"":""mid""}",1
809.jpg,7861043,{},4,2,"{""name"":""point"",""cx"":1578,""cy"":1619}","{""Points"":""p2""}",1
809.jpg,7861043,{},4,3,"{""name"":""rect"",""x"":389,""y"":672,""width"":1523,""height"":1463}","{""Cervix"":""eos"",""Cervix Shape"":""curve""}",1
805.jpg,7108804,{},4,0,"{""name"":""point"",""cx"":915,""cy"":1569}","{""Points"":""p1""}",1
805.jpg,7108804,{},4,1,"{""name"":""point"",""cx"":988,""cy"":1628}","{""Points"":""mid""}",1
805.jpg,7108804,{},4,2,"{""name"":""point"",""cx"":1066,""cy"":1669}","{""Points"":""p2""}",1
805.jpg,7108804,{},4,3,"{""name"":""rect"",""x"":155,""y"":462,""width"":1367,""height"":2392}","{""Cervix"":""eos"",""Cervix Shape"":""line""}",1
802.jpg,2831170,{},4,0,"{""name"":""point"",""cx"":919,""cy"":2840}","{""Points"":""p1""}",1
802.jpg,2831170,{},4,1,"{""name"":""point"",""cx"":1381,""cy"":2844}","{""Points"":""mid""}",1
802.jpg,2831170,{},4,2,"{""name"":""point"",""cx"":1912,""cy"":3027}","{""Points"":""p2""}",1
802.jpg,2831170,{},4,3,"{""name"":""rect"",""x"":320,""y"":1925,""width"":1880,""height"":1605}","{""Cervix"":""eos"",""Cervix Shape"":""curve""}",1
791.jpg,2667287,{},4,0,"{""name"":""point"",""cx"":1143,""cy"":1450}","{""Points"":""p1""}",1
791.jpg,2667287,{},4,1,"{""name"":""point"",""cx"":1240,""cy"":1428}","{""Points"":""mid""}",1
791.jpg,2667287,{},4,2,"{""name"":""point"",""cx"":1345,""cy"":1436}","{""Points"":""p2""}",1
791.jpg,2667287,{},4,3,"{""name"":""rect"",""x"":904,""y"":1038,""width"":738,""height"":871}","{""Cervix"":""eos"",""Cervix Shape"":""curve""}",1
787.jpg,1776538,{},4,0,"{""name"":""point"",""cx"":803,""cy"":1150}","{""Points"":""p1""}",1
787.jpg,1776538,{},4,1,"{""name"":""point"",""cx"":1056,""cy"":1204}","{""Points"":""mid""}",1
787.jpg,1776538,{},4,2,"{""name"":""point"",""cx"":1295,""cy"":1218}","{""Points"":""p2""}",1
787.jpg,1776538,{},4,3,"{""name"":""rect"",""x"":542,""y"":947,""width"":1338,""height"":738}","{""Cervix"":""eos"",""Cervix Shape"":""curve""}",1
783.jpg,1569408,{},4,0,"{""name"":""point"",""cx"":1324,""cy"":1837}","{""Points"":""p1""}",1
783.jpg,1569408,{},4,1,"{""name"":""point"",""cx"":1378,""cy"":1822}","{""Points"":""mid""}",1
783.jpg,1569408,{},4,2,"{""name"":""point"",""cx"":1425,""cy"":1808}","{""Points"":""p2""}",1
783.jpg,1569408,{},4,3,"{""name"":""rect"",""x"":683,""y"":868,""width"":1327,""height"":1443}","{""Cervix"":""eos"",""Cervix Shape"":""circle""}",1
779.jpg,6375126,{},4,0,"{""name"":""point"",""cx"":1230,""cy"":2172}","{""Points"":""p1""}",1
779.jpg,6375126,{},4,1,"{""name"":""point"",""cx"":1303,""cy"":2172}","{""Points"":""mid""}",1
779.jpg,6375126,{},4,2,"{""name"":""point"",""cx"":1358,""cy"":2126}","{""Points"":""p2""}",1
779.jpg,6375126,{},4,3,"{""name"":""rect"",""x"":631,""y"":1505,""width"":1276,""height"":1162}","{""Cervix"":""eos"",""Cervix Shape"":""curve""}",1
769.jpg,2209219,{},4,0,"{""name"":""point"",""cx"":1687,""cy"":1719}","{""Points"":""p1""}",1
769.jpg,2209219,{},4,1,"{""name"":""point"",""cx"":2028,""cy"":1719}","{""Points"":""mid""}",1
769.jpg,2209219,{},4,2,"{""name"":""point"",""cx"":2276,""cy"":1821}","{""Points"":""p2""}",1
769.jpg,2209219,{},4,3,"{""name"":""rect"",""x"":419,""y"":733,""width"":2194,""height"":1535}","{""Cervix"":""eos"",""Cervix Shape"":""curve""}",1
765.jpg,3567402,{},4,0,"{""name"":""point"",""cx"":1312,""cy"":2488}","{""Points"":""p1""}",1
765.jpg,3567402,{},4,1,"{""name"":""point"",""cx"":1500,""cy"":2492}","{""Points"":""mid""}",1
765.jpg,3567402,{},4,2,"{""name"":""point"",""cx"":1628,""cy"":2479}","{""Points"":""p2""}",1
765.jpg,3567402,{},4,3,"{""name"":""rect"",""x"":878,""y"":1838,""width"":1299,""height"":1285}","{""Cervix"":""eos"",""Cervix Shape"":""curve""}",1
764.jpg,5993401,{},4,0,"{""name"":""point"",""cx"":945,""cy"":1567}","{""Points"":""p1""}",1
764.jpg,5993401,{},4,1,"{""name"":""point"",""cx"":1230,""cy"":1576}","{""Points"":""mid""}",1
764.jpg,5993401,{},4,2,"{""name"":""point"",""cx"":1410,""cy"":1562}","{""Points"":""p2""}",1
764.jpg,5993401,{},4,3,"{""name"":""rect"",""x"":475,""y"":1046,""width"":1332,""height"":963}","{""Cervix"":""eos"",""Cervix Shape"":""curve""}",1
763.jpg,6914174,{},4,0,"{""name"":""point"",""cx"":1441,""cy"":2730}","{""Points"":""p1""}",1
763.jpg,6914174,{},4,1,"{""name"":""point"",""cx"":1628,""cy"":2817}","{""Points"":""mid""}",1
763.jpg,6914174,{},4,2,"{""name"":""point"",""cx"":1861,""cy"":2881}","{""Points"":""p2""}",1
763.jpg,6914174,{},4,3,"{""name"":""rect"",""x"":942,""y"":2209,""width"":1454,""height"":1253}","{""Cervix"":""eos"",""Cervix Shape"":""curve""}",1
759.jpg,4212988,{},4,0,"{""name"":""point"",""cx"":1605,""cy"":1240}","{""Points"":""p1""}",1
759.jpg,4212988,{},4,1,"{""name"":""point"",""cx"":1765,""cy"":1186}","{""Points"":""mid""}",1
759.jpg,4212988,{},4,2,"{""name"":""point"",""cx"":1945,""cy"":1143}","{""Points"":""p2""}",1
759.jpg,4212988,{},4,3,"{""name"":""rect"",""x"":1342,""y"":933,""width"":879,""height"":673}","{""Cervix"":""eos"",""Cervix Shape"":""curve""}",1
751.jpg,3580219,{},4,0,"{""name"":""point"",""cx"":951,""cy"":1168}","{""Points"":""p1""}",1
751.jpg,3580219,{},4,1,"{""name"":""point"",""cx"":1049,""cy"":1255}","{""Points"":""mid""}",1
751.jpg,3580219,{},4,2,"{""name"":""point"",""cx"":1153,""cy"":1305}","{""Points"":""p2""}",1
751.jpg,3580219,{},4,3,"{""name"":""rect"",""x"":286,""y"":640,""width"":1634,""height"":1291}","{""Cervix"":""eos"",""Cervix Shape"":""curve""}",1
745.jpg,6643540,{},4,0,"{""name"":""point"",""cx"":1468,""cy"":1866}","{""Points"":""p1""}",1
745.jpg,6643540,{},4,1,"{""name"":""point"",""cx"":1550,""cy"":1898}","{""Points"":""mid""}",1
745.jpg,6643540,{},4,2,"{""name"":""point"",""cx"":1614,""cy"":1889}","{""Points"":""p2""}",1
745.jpg,6643540,{},4,3,"{""name"":""rect"",""x"":1139,""y"":1413,""width"":672,""height"":723}","{""Cervix"":""eos"",""Cervix Shape"":""curve""}",1
739.jpg,3551995,{},4,0,"{""name"":""point"",""cx"":763,""cy"":1819}","{""Points"":""p1""}",1
739.jpg,3551995,{},4,1,"{""name"":""point"",""cx"":846,""cy"":1747}","{""Points"":""mid""}",1
739.jpg,3551995,{},4,2,"{""name"":""point"",""cx"":937,""cy"":1696}","{""Points"":""p2""}",1
739.jpg,3551995,{},4,3,"{""name"":""rect"",""x"":394,""y"":933,""width"":994,""height"":1367}","{""Cervix"":""eos"",""Cervix Shape"":""curve""}",1
732.jpg,6570223,{},4,0,"{""name"":""point"",""cx"":1466,""cy"":1659}","{""Points"":""p1""}",1
732.jpg,6570223,{},4,1,"{""name"":""point"",""cx"":1687,""cy"":1696}","{""Points"":""mid""}",1
732.jpg,6570223,{},4,2,"{""name"":""point"",""cx"":1830,""cy"":1747}","{""Points"":""p2""}",1
732.jpg,6570223,{},4,3,"{""name"":""rect"",""x"":917,""y"":857,""width"":1442,""height"":1756}","{""Cervix"":""eos"",""Cervix Shape"":""curve""}",1
727.jpg,2472254,{},4,0,"{""name"":""point"",""cx"":1633,""cy"":1683}","{""Points"":""p1""}",1
727.jpg,2472254,{},4,1,"{""name"":""point"",""cx"":1797,""cy"":1738}","{""Points"":""mid""}",1
727.jpg,2472254,{},4,2,"{""name"":""point"",""cx"":1939,""cy"":1843}","{""Points"":""p2""}",1
727.jpg,2472254,{},4,3,"{""name"":""rect"",""x"":521,""y"":553,""width"":2424,""height"":2232}","{""Cervix"":""eos"",""Cervix Shape"":""curve""}",1
725.jpg,2661025,{},4,0,"{""name"":""point"",""cx"":1266,""cy"":1280}","{""Points"":""p1""}",1
725.jpg,2661025,{},4,1,"{""name"":""point"",""cx"":1313,""cy"":1262}","{""Points"":""mid""}",1
725.jpg,2661025,{},4,2,"{""name"":""point"",""cx"":1360,""cy"":1233}","{""Points"":""p2""}",1
725.jpg,2661025,{},4,3,"{""name"":""rect"",""x"":832,""y"":824,""width"":1027,""height"":850}","{""Cervix"":""eos"",""Cervix Shape"":""curve""}",1
713.jpg,6716487,{},4,0,"{""name"":""point"",""cx"":1564,""cy"":1582}","{""Points"":""p1""}",1
713.jpg,6716487,{},4,1,"{""name"":""point"",""cx"":1742,""cy"":1546}","{""Points"":""mid""}",1
713.jpg,6716487,{},4,2,"{""name"":""point"",""cx"":1825,""cy"":1463}","{""Points"":""p2""}",1
713.jpg,6716487,{},4,3,"{""name"":""rect"",""x"":1111,""y"":988,""width"":1226,""height"":947}","{""Cervix"":""eos"",""Cervix Shape"":""curve""}",1
710.jpg,2855146,{},4,0,"{""name"":""point"",""cx"":1953,""cy"":2607}","{""Points"":""p1""}",1
710.jpg,2855146,{},4,1,"{""name"":""point"",""cx"":2017,""cy"":2593}","{""Points"":""mid""}",1
710.jpg,2855146,{},4,2,"{""name"":""point"",""cx"":2099,""cy"":2552}","{""Points"":""p2""}",1
710.jpg,2855146,{},4,3,"{""name"":""rect"",""x"":919,""y"":887,""width"":2003,""height"":2451}","{""Cervix"":""eos"",""Cervix Shape"":""curve""}",1
709.jpg,3134938,{},4,0,"{""name"":""point"",""cx"":1117,""cy"":2130}","{""Points"":""p1""}",1
709.jpg,3134938,{},4,1,"{""name"":""point"",""cx"":1146,""cy"":2137}","{""Points"":""mid""}",1
709.jpg,3134938,{},4,2,"{""name"":""point"",""cx"":1182,""cy"":2151}","{""Points"":""p2""}",1
709.jpg,3134938,{},4,3,"{""name"":""rect"",""x"":629,""y"":1562,""width"":1106,""height"":1215}","{""Cervix"":""eos"",""Cervix Shape"":""circle""}",1
708.jpg,7537913,{},4,0,"{""name"":""point"",""cx"":997,""cy"":2826}","{""Points"":""p1""}",1
708.jpg,7537913,{},4,1,"{""name"":""point"",""cx"":1427,""cy"":2808}","{""Points"":""mid""}",1
708.jpg,7537913,{},4,2,"{""name"":""point"",""cx"":1816,""cy"":2803}","{""Points"":""p2""}",1
708.jpg,7537913,{},4,3,"{""name"":""rect"",""x"":887,""y"":2282,""width"":1719,""height"":1130}","{""Cervix"":""eos"",""Cervix Shape"":""curve""}",1
700.jpg,7254388,{},4,0,"{""name"":""point"",""cx"":1468,""cy"":1633}","{""Points"":""p1""}",1
700.jpg,7254388,{},4,1,"{""name"":""point"",""cx"":1482,""cy"":1601}","{""Points"":""mid""}",1
700.jpg,7254388,{},4,2,"{""name"":""point"",""cx"":1514,""cy"":1623}","{""Points"":""p2""}",1
700.jpg,7254388,{},4,3,"{""name"":""rect"",""x"":860,""y"":1198,""width"":1139,""height"":1052}","{""Cervix"":""eos"",""Cervix Shape"":""circle""}",1
685.jpg,6765467,{},4,0,"{""name"":""point"",""cx"":1459,""cy"":2191}","{""Points"":""p1""}",1
685.jpg,6765467,{},4,1,"{""name"":""point"",""cx"":1559,""cy"":2209}","{""Points"":""mid""}",1
685.jpg,6765467,{},4,2,"{""name"":""point"",""cx"":1651,""cy"":2168}","{""Points"":""p2""}",1
685.jpg,6765467,{},4,3,"{""name"":""rect"",""x"":892,""y"":1344,""width"":1276,""height"":2085}","{""Cervix"":""eos"",""Cervix Shape"":""curve""}",1
683.jpg,7173626,{},4,0,"{""name"":""point"",""cx"":1221,""cy"":686}","{""Points"":""p1""}",1
683.jpg,7173626,{},4,1,"{""name"":""point"",""cx"":1441,""cy"":672}","{""Points"":""mid""}",1
683.jpg,7173626,{},4,2,"{""name"":""point"",""cx"":1646,""cy"":755}","{""Points"":""p2""}",1
683.jpg,7173626,{},4,3,"{""name"":""rect"",""x"":960,""y"":389,""width"":1441,""height"":1564}","{""Cervix"":""eos"",""Cervix Shape"":""curve""}",1
677.jpg,3640302,{},4,0,"{""name"":""point"",""cx"":1518,""cy"":1692}","{""Points"":""p1""}",1
677.jpg,3640302,{},4,1,"{""name"":""point"",""cx"":1518,""cy"":1797}","{""Points"":""mid""}",1
677.jpg,3640302,{},4,2,"{""name"":""point"",""cx"":1564,""cy"":1916}","{""Points"":""p2""}",1
677.jpg,3640302,{},4,3,"{""name"":""rect"",""x"":919,""y"":1047,""width"":1194,""height"":1116}","{""Cervix"":""eos"",""Cervix Shape"":""curve""}",1
668.jpg,2591960,{},4,0,"{""name"":""point"",""cx"":1016,""cy"":2079}","{""Points"":""p1""}",1
668.jpg,2591960,{},4,1,"{""name"":""point"",""cx"":1215,""cy"":2029}","{""Points"":""mid""}",1
668.jpg,2591960,{},4,2,"{""name"":""point"",""cx"":1327,""cy"":1978}","{""Points"":""p2""}",1
668.jpg,2591960,{},4,3,"{""name"":""rect"",""x"":741,""y"":1327,""width"":987,""height"":1106}","{""Cervix"":""eos"",""Cervix Shape"":""curve""}",1
667.jpg,6509551,{},4,0,"{""name"":""point"",""cx"":1816,""cy"":2200}","{""Points"":""p1""}",1
667.jpg,6509551,{},4,1,"{""name"":""point"",""cx"":1870,""cy"":2218}","{""Points"":""mid""}",1
667.jpg,6509551,{},4,2,"{""name"":""point"",""cx"":1925,""cy"":2236}","{""Points"":""p2""}",1
667.jpg,6509551,{},4,3,"{""name"":""rect"",""x"":1248,""y"":1747,""width"":1258,""height"":1070}","{""Cervix"":""eos"",""Cervix Shape"":""circle""}",1
663.jpg,7140870,{},4,0,"{""name"":""point"",""cx"":1152,""cy"":2159}","{""Points"":""p1""}",1
663.jpg,7140870,{},4,1,"{""name"":""point"",""cx"":1473,""cy"":2218}","{""Points"":""mid""}",1
663.jpg,7140870,{},4,2,"{""name"":""point"",""cx"":1765,""cy"":2245}","{""Points"":""p2""}",1
663.jpg,7140870,{},4,3,"{""name"":""rect"",""x"":361,""y"":1454,""width"":1637,""height"":1335}","{""Cervix"":""eos"",""Cervix Shape"":""curve""}",1
660.jpg,2893727,{},4,0,"{""name"":""point"",""cx"":673,""cy"":1009}","{""Points"":""p1""}",1
660.jpg,2893727,{},4,1,"{""name"":""point"",""cx"":712,""cy"":973}","{""Points"":""mid""}",1
660.jpg,2893727,{},4,2,"{""name"":""point"",""cx"":766,""cy"":951}","{""Points"":""p2""}",1
660.jpg,2893727,{},4,3,"{""name"":""rect"",""x"":127,""y"":510,""width"":915,""height"":1023}","{""Cervix"":""eos"",""Cervix Shape"":""curve""}",1
653.jpg,6551893,{},4,0,"{""name"":""point"",""cx"":1381,""cy"":3695}","{""Points"":""p1""}",1
653.jpg,6551893,{},4,1,"{""name"":""point"",""cx"":1427,""cy"":3640}","{""Points"":""mid""}",1
653.jpg,6551893,{},4,2,"{""name"":""point"",""cx"":1468,""cy"":3590}","{""Points"":""p2""}",1
653.jpg,6551893,{},4,3,"{""name"":""rect"",""x"":567,""y"":2716,""width"":1518,""height"":1267}","{""Cervix"":""eos"",""Cervix Shape"":""curve""}",1
649.jpg,7778168,{},4,0,"{""name"":""point"",""cx"":1427,""cy"":2460}","{""Points"":""p1""}",1
649.jpg,7778168,{},4,1,"{""name"":""point"",""cx"":1509,""cy"":2392}","{""Points"":""mid""}",1
649.jpg,7778168,{},4,2,"{""name"":""point"",""cx"":1614,""cy"":2314}","{""Points"":""p2""}",1
649.jpg,7778168,{},4,3,"{""name"":""rect"",""x"":1047,""y"":1765,""width"":915,""height"":1285}","{""Cervix"":""eos"",""Cervix Shape"":""curve""}",1
645.jpg,2515019,{},4,0,"{""name"":""point"",""cx"":1055,""cy"":1972}","{""Points"":""p1""}",1
645.jpg,2515019,{},4,1,"{""name"":""point"",""cx"":1152,""cy"":2028}","{""Points"":""mid""}",1
645.jpg,2515019,{},4,2,"{""name"":""point"",""cx"":1217,""cy"":2083}","{""Points"":""p2""}",1
645.jpg,2515019,{},4,3,"{""name"":""rect"",""x"":912,""y"":1258,""width"":1161,""height"":1576}","{""Cervix"":""eos"",""Cervix Shape"":""curve""}",1
643.jpg,2531627,{},4,0,"{""name"":""point"",""cx"":1331,""cy"":1584}","{""Points"":""p1""}",1
643.jpg,2531627,{},4,1,"{""name"":""point"",""cx"":1475,""cy"":1642}","{""Points"":""mid""}",1
643.jpg,2531627,{},4,2,"{""name"":""point"",""cx"":1551,""cy"":1671}","{""Points"":""p2""}",1
643.jpg,2531627,{},4,3,"{""name"":""rect"",""x"":900,""y"":1009,""width"":1244,""height"":1298}","{""Cervix"":""eos"",""Cervix Shape"":""curve""}",1
641.jpg,3276465,{},4,0,"{""name"":""point"",""cx"":370,""cy"":1395}","{""Points"":""p1""}",1
641.jpg,3276465,{},4,1,"{""name"":""point"",""cx"":503,""cy"":1418}","{""Points"":""mid""}",1
641.jpg,3276465,{},4,2,"{""name"":""point"",""cx"":654,""cy"":1395}","{""Points"":""p2""}",1
641.jpg,3276465,{},4,3,"{""name"":""rect"",""x"":123,""y"":1120,""width"":878,""height"":617}","{""Cervix"":""eos"",""Cervix Shape"":""curve""}",1
624.jpg,3440698,{},4,0,"{""name"":""point"",""cx"":911,""cy"":1446}","{""Points"":""p1""}",1
624.jpg,3440698,{},4,1,"{""name"":""point"",""cx"":1031,""cy"":1468}","{""Points"":""mid""}",1
624.jpg,3440698,{},4,2,"{""name"":""point"",""cx"":1161,""cy"":1436}","{""Points"":""p2""}",1
624.jpg,3440698,{},4,3,"{""name"":""rect"",""x"":788,""y"":940,""width"":510,""height"":727}","{""Cervix"":""eos"",""Cervix Shape"":""curve""}",1
623.jpg,7047215,{},4,0,"{""name"":""point"",""cx"":1184,""cy"":2662}","{""Points"":""p1""}",1
623.jpg,7047215,{},4,1,"{""name"":""point"",""cx"":1253,""cy"":2662}","{""Points"":""mid""}",1
623.jpg,7047215,{},4,2,"{""name"":""point"",""cx"":1322,""cy"":2671}","{""Points"":""p2""}",1
623.jpg,7047215,{},4,3,"{""name"":""rect"",""x"":800,""y"":1518,""width"":1235,""height"":1614}","{""Cervix"":""eos"",""Cervix Shape"":""circle""}",1
620.jpg,2582592,{},4,0,"{""name"":""point"",""cx"":1258,""cy"":1390}","{""Points"":""p1""}",1
620.jpg,2582592,{},4,1,"{""name"":""point"",""cx"":1861,""cy"":1253}","{""Points"":""mid""}",1
620.jpg,2582592,{},4,2,"{""name"":""point"",""cx"":2556,""cy"":1221}","{""Points"":""p2""}",1
620.jpg,2582592,{},4,3,"{""name"":""rect"",""x"":412,""y"":576,""width"":2680,""height"":1413}","{""Cervix"":""eos"",""Cervix Shape"":""curve""}",1
619.jpg,3624413,{},4,0,"{""name"":""point"",""cx"":1326,""cy"":2317}","{""Points"":""p1""}",1
619.jpg,3624413,{},4,1,"{""name"":""point"",""cx"":1540,""cy"":2354}","{""Points"":""mid""}",1
619.jpg,3624413,{},4,2,"{""name"":""point"",""cx"":1742,""cy"":2377}","{""Points"":""p2""}",1
619.jpg,3624413,{},4,3,"{""name"":""rect"",""x"":704,""y"":1220,""width"":1463,""height"":1618}","{""Cervix"":""eos"",""Cervix Shape"":""curve""}",1
605.jpg,6308339,{},4,0,"{""name"":""point"",""cx"":1060,""cy"":1290}","{""Points"":""p1""}",1
605.jpg,6308339,{},4,1,"{""name"":""point"",""cx"":1143,""cy"":1258}","{""Points"":""mid""}",1
605.jpg,6308339,{},4,2,"{""name"":""point"",""cx"":1226,""cy"":1230}","{""Points"":""p2""}",1
605.jpg,6308339,{},4,3,"{""name"":""rect"",""x"":733,""y"":820,""width"":866,""height"":986}","{""Cervix"":""eos"",""Cervix Shape"":""curve""}",1
596.jpg,3418357,{},4,0,"{""name"":""point"",""cx"":1182,""cy"":1034}","{""Points"":""p1""}",1
596.jpg,3418357,{},4,1,"{""name"":""point"",""cx"":1222,""cy"":1063}","{""Points"":""mid""}",1
596.jpg,3418357,{},4,2,"{""name"":""point"",""cx"":1273,""cy"":1052}","{""Points"":""p2""}",1
596.jpg,3418357,{},4,3,"{""name"":""rect"",""x"":846,""y"":839,""width"":774,""height"":734}","{""Cervix"":""eos"",""Cervix Shape"":""curve""}",1
593.jpg,3162053,{},4,0,"{""name"":""point"",""cx"":1041,""cy"":1620}","{""Points"":""p1""}",1
593.jpg,3162053,{},4,1,"{""name"":""point"",""cx"":1125,""cy"":1620}","{""Points"":""mid""}",1
593.jpg,3162053,{},4,2,"{""name"":""point"",""cx"":1215,""cy"":1624}","{""Points"":""p2""}",1
593.jpg,3162053,{},4,3,"{""name"":""rect"",""x"":560,""y"":680,""width"":1385,""height"":1526}","{""Cervix"":""eos"",""Cervix Shape"":""curve""}",1
583.jpg,3013471,{},4,0,"{""name"":""point"",""cx"":980,""cy"":1085}","{""Points"":""p1""}",1
583.jpg,3013471,{},4,1,"{""name"":""point"",""cx"":1034,""cy"":1085}","{""Points"":""mid""}",1
583.jpg,3013471,{},4,2,"{""name"":""point"",""cx"":1074,""cy"":1081}","{""Points"":""p2""}",1
583.jpg,3013471,{},4,3,"{""name"":""rect"",""x"":445,""y"":521,""width"":1248,""height"":1732}","{""Cervix"":""eos"",""Cervix Shape"":""curve""}",1
582.jpg,3129091,{},4,0,"{""name"":""point"",""cx"":1985,""cy"":1910}","{""Points"":""p1""}",1
582.jpg,3129091,{},4,1,"{""name"":""point"",""cx"":1917,""cy"":1848}","{""Points"":""mid""}",1
582.jpg,3129091,{},4,2,"{""name"":""point"",""cx"":1906,""cy"":1735}","{""Points"":""p2""}",1
582.jpg,3129091,{},4,3,"{""name"":""rect"",""x"":785,""y"":603,""width"":2866,""height"":1697}","{""Cervix"":""eos"",""Cervix Shape"":""curve""}",1
580.jpg,6725977,{},4,0,"{""name"":""point"",""cx"":1459,""cy"":2479}","{""Points"":""p1""}",1
580.jpg,6725977,{},4,1,"{""name"":""point"",""cx"":1527,""cy"":2447}","{""Points"":""mid""}",1
580.jpg,6725977,{},4,2,"{""name"":""point"",""cx"":1610,""cy"":2396}","{""Points"":""p2""}",1
580.jpg,6725977,{},4,3,"{""name"":""rect"",""x"":1093,""y"":1852,""width"":1047,""height"":1093}","{""Cervix"":""eos"",""Cervix Shape"":""curve""}",1
579.jpg,5471621,{},4,0,"{""name"":""point"",""cx"":1088,""cy"":1591}",{},1
579.jpg,5471621,{},4,1,"{""name"":""point"",""cx"":1162,""cy"":1596}",{},1
579.jpg,5471621,{},4,2,"{""name"":""point"",""cx"":1212,""cy"":1596}",{},1
579.jpg,5471621,{},4,3,"{""name"":""rect"",""x"":645,""y"":1139,""width"":1075,""height"":1120}","{""Cervix Shape"":""circle""}",1
578.jpg,5950662,{},4,0,"{""name"":""point"",""cx"":814,""cy"":2314}",{},1
578.jpg,5950662,{},4,1,"{""name"":""point"",""cx"":947,""cy"":2364}",{},1
578.jpg,5950662,{},4,2,"{""name"":""point"",""cx"":1088,""cy"":2346}",{},1
578.jpg,5950662,{},4,3,"{""name"":""rect"",""x"":357,""y"":1747,""width"":1280,""height"":1280}","{""Cervix Shape"":""curve""}",1
576.jpg,3423964,{},4,0,"{""name"":""point"",""cx"":1197,""cy"":1671}",{},1
576.jpg,3423964,{},4,1,"{""name"":""point"",""cx"":1255,""cy"":1674}",{},1
576.jpg,3423964,{},4,2,"{""name"":""point"",""cx"":1313,""cy"":1667}",{},1
576.jpg,3423964,{},4,3,"{""name"":""rect"",""x"":781,""y"":1150,""width"":850,""height"":1063}","{""Cervix Shape"":""curve""}",1
562.jpg,2758884,{},4,0,"{""name"":""point"",""cx"":1239,""cy"":2305}",{},1
562.jpg,2758884,{},4,1,"{""name"":""point"",""cx"":1747,""cy"":2534}",{},1
562.jpg,2758884,{},4,2,"{""name"":""point"",""cx"":2136,""cy"":2268}","{""Cervix Shape"":""""}",1
562.jpg,2758884,{},4,3,"{""name"":""rect"",""x"":613,""y"":1409,""width"":2186,""height"":1802}","{""Cervix Shape"":""curve""}",1
560.jpg,8284245,{},4,0,"{""name"":""point"",""cx"":1605,""cy"":1994}",{},1
560.jpg,8284245,{},4,1,"{""name"":""point"",""cx"":1701,""cy"":2030}",{},1
560.jpg,8284245,{},4,2,"{""name"":""point"",""cx"":1784,""cy"":2008}",{},1
560.jpg,8284245,{},4,3,"{""name"":""rect"",""x"":1139,""y"":1404,""width"":1006,""height"":1130}","{""Cervix Shape"":""curve""}",1
558.jpg,1753466,{},4,0,"{""name"":""point"",""cx"":1099,""cy"":1671}",{},1
558.jpg,1753466,{},4,1,"{""name"":""point"",""cx"":1266,""cy"":1649}",{},1
558.jpg,1753466,{},4,2,"{""name"":""point"",""cx"":1457,""cy"":1613}",{},1
558.jpg,1753466,{},4,3,"{""name"":""rect"",""x"":636,""y"":1049,""width"":1070,""height"":918}","{""Cervix Shape"":""curve""}",1
553.jpg,3155763,{},4,0,"{""name"":""point"",""cx"":1110,""cy"":1244}",{},1
553.jpg,3155763,{},4,1,"{""name"":""point"",""cx"":1237,""cy"":1276}",{},1
553.jpg,3155763,{},4,2,"{""name"":""point"",""cx"":1323,""cy"":1280}",{},1
553.jpg,3155763,{},4,3,"{""name"":""rect"",""x"":658,""y"":915,""width"":918,""height"":774}","{""Cervix Shape"":""curve""}",1
551.jpg,5729200,{},4,0,"{""name"":""point"",""cx"":1697,""cy"":2575}",{},1
551.jpg,5729200,{},4,1,"{""name"":""point"",""cx"":1774,""cy"":2598}",{},1
551.jpg,5729200,{},4,2,"{""name"":""point"",""cx"":1852,""cy"":2648}",{},1
551.jpg,5729200,{},4,3,"{""name"":""rect"",""x"":841,""y"":2049,""width"":1344,""height"":1056}","{""Cervix Shape"":""curve""}",1
550.jpg,2906738,{},4,0,"{""name"":""point"",""cx"":846,""cy"":1240}",{},1
550.jpg,2906738,{},4,1,"{""name"":""point"",""cx"":937,""cy"":1244}",{},1
550.jpg,2906738,{},4,2,"{""name"":""point"",""cx"":994,""cy"":1229}",{},1
550.jpg,2906738,{},4,3,"{""name"":""rect"",""x"":528,""y"":915,""width"":1096,""height"":843}","{""Cervix Shape"":""curve""}",1
539.jpg,3285816,{},4,0,"{""name"":""point"",""cx"":586,""cy"":1555}",{},1
539.jpg,3285816,{},4,1,"{""name"":""point"",""cx"":691,""cy"":1540}",{},1
539.jpg,3285816,{},4,2,"{""name"":""point"",""cx"":777,""cy"":1540}",{},1
539.jpg,3285816,{},4,3,"{""name"":""rect"",""x"":260,""y"":1287,""width"":958,""height"":730}",{},1
536.jpg,2884679,{},4,0,"{""name"":""point"",""cx"":1248,""cy"":1916}",{},1
536.jpg,2884679,{},4,1,"{""name"":""point"",""cx"":1316,""cy"":1913}",{},1
536.jpg,2884679,{},4,2,"{""name"":""point"",""cx"":1370,""cy"":1895}",{},1
536.jpg,2884679,{},4,3,"{""name"":""rect"",""x"":965,""y"":1530,""width"":741,""height"":843}",{},1
532.jpg,2458194,{},4,0,"{""name"":""point"",""cx"":1085,""cy"":1624}",{},1
532.jpg,2458194,{},4,1,"{""name"":""point"",""cx"":1172,""cy"":1620}",{},1
532.jpg,2458194,{},4,2,"{""name"":""point"",""cx"":1251,""cy"":1616}",{},1
532.jpg,2458194,{},4,3,"{""name"":""rect"",""x"":806,""y"":1255,""width"":933,""height"":871}",{},1
531.jpg,1673455,{},4,0,"{""name"":""point"",""cx"":1705,""cy"":2535}",{},1
531.jpg,1673455,{},4,1,"{""name"":""point"",""cx"":2005,""cy"":2553}",{},1
531.jpg,1673455,{},4,2,"{""name"":""point"",""cx"":2240,""cy"":2452}",{},1
531.jpg,1673455,{},4,3,"{""name"":""rect"",""x"":1055,""y"":853,""width"":1922,""height"":2512}",{},1
523.jpg,5306167,{},4,0,"{""name"":""point"",""cx"":1576,""cy"":1673}",{},1
523.jpg,5306167,{},4,1,"{""name"":""point"",""cx"":1977,""cy"":1521}",{},1
523.jpg,5306167,{},4,2,"{""name"":""point"",""cx"":2249,""cy"":1442}",{},1
523.jpg,5306167,{},4,3,"{""name"":""rect"",""x"":1346,""y"":1042,""width"":1664,""height"":2028}",{},1
518.jpg,3226613,{},4,0,"{""name"":""point"",""cx"":1152,""cy"":1107}",{},1
518.jpg,3226613,{},4,1,"{""name"":""point"",""cx"":1578,""cy"":1034}",{},1
518.jpg,3226613,{},4,2,"{""name"":""point"",""cx"":1902,""cy"":1061}",{},1
518.jpg,3226613,{},4,3,"{""name"":""rect"",""x"":562,""y"":508,""width"":1998,""height"":1221}",{},1
516.jpg,6390488,{},4,0,"{""name"":""point"",""cx"":1258,""cy"":2309}",{},1
516.jpg,6390488,{},4,1,"{""name"":""point"",""cx"":1514,""cy"":2259}",{},1
516.jpg,6390488,{},4,2,"{""name"":""point"",""cx"":1729,""cy"":2218}",{},1
516.jpg,6390488,{},4,3,"{""name"":""rect"",""x"":768,""y"":1596,""width"":1546,""height"":1459}",{},1
513.jpg,3090599,{},4,0,"{""name"":""point"",""cx"":1143,""cy"":2133}",{},1
513.jpg,3090599,{},4,1,"{""name"":""point"",""cx"":1215,""cy"":2130}",{},1
513.jpg,3090599,{},4,2,"{""name"":""point"",""cx"":1291,""cy"":2104}",{},1
513.jpg,3090599,{},4,3,"{""name"":""rect"",""x"":611,""y"":1421,""width"":1273,""height"":1233}",{},1
497.jpg,3123266,{},4,0,"{""name"":""point"",""cx"":1313,""cy"":1334}",{},1
497.jpg,3123266,{},4,1,"{""name"":""point"",""cx"":1396,""cy"":1276}",{},1
497.jpg,3123266,{},4,2,"{""name"":""point"",""cx"":1464,""cy"":1200}",{},1
497.jpg,3123266,{},4,3,"{""name"":""rect"",""x"":817,""y"":542,""width"":1049,""height"":1544}",{},1
484.jpg,6430782,{},4,0,"{""name"":""point"",""cx"":873,""cy"":1975}",{},1
484.jpg,6430782,{},4,1,"{""name"":""point"",""cx"":965,""cy"":2067}",{},1
484.jpg,6430782,{},4,2,"{""name"":""point"",""cx"":1080,""cy"":2141}",{},1
484.jpg,6430782,{},4,3,"{""name"":""rect"",""x"":567,""y"":1326,""width"":2245,""height"":1752}",{},1
481.jpg,6940527,{},4,0,"{""name"":""point"",""cx"":1390,""cy"":2172}",{},1
481.jpg,6940527,{},4,1,"{""name"":""point"",""cx"":1596,""cy"":2126}",{},1
481.jpg,6940527,{},4,2,"{""name"":""point"",""cx"":1797,""cy"":2062}",{},1
481.jpg,6940527,{},4,3,"{""name"":""rect"",""x"":823,""y"":1468,""width"":1706,""height"":1486}",{},1
478.jpg,2809202,{},4,0,"{""name"":""point"",""cx"":1099,""cy"":1649}",{},1
478.jpg,2809202,{},4,1,"{""name"":""point"",""cx"":1219,""cy"":1591}",{},1
478.jpg,2809202,{},4,2,"{""name"":""point"",""cx"":1320,""cy"":1562}",{},1
478.jpg,2809202,{},4,3,"{""name"":""rect"",""x"":886,""y"":1179,""width"":814,""height"":875}",{},1
471.jpg,3297678,{},4,0,"{""name"":""point"",""cx"":1369,""cy"":865}",{},1
471.jpg,3297678,{},4,1,"{""name"":""point"",""cx"":1434,""cy"":914}",{},1
471.jpg,3297678,{},4,2,"{""name"":""point"",""cx"":1491,""cy"":968}",{},1
471.jpg,3297678,{},4,3,"{""name"":""rect"",""x"":1084,""y"":648,""width"":710,""height"":602}",{},1
470.jpg,6175874,{},4,0,"{""name"":""point"",""cx"":1454,""cy"":2113}",{},1
470.jpg,6175874,{},4,1,"{""name"":""point"",""cx"":1601,""cy"":2136}",{},1
470.jpg,6175874,{},4,2,"{""name"":""point"",""cx"":1724,""cy"":2223}",{},1
470.jpg,6175874,{},4,3,"{""name"":""rect"",""x"":1020,""y"":1363,""width"":1450,""height"":1948}",{},1
469.jpg,2946863,{},4,0,"{""name"":""point"",""cx"":1890,""cy"":1149}",{},1
469.jpg,2946863,{},4,1,"{""name"":""point"",""cx"":1957,""cy"":1141}",{},1
469.jpg,2946863,{},4,2,"{""name"":""point"",""cx"":2039,""cy"":1155}",{},1
469.jpg,2946863,{},4,3,"{""name"":""rect"",""x"":1605,""y"":805,""width"":1044,""height"":808}",{},1
463.jpg,2886043,{},4,0,"{""name"":""point"",""cx"":1002,""cy"":1945}",{},1
463.jpg,2886043,{},4,1,"{""name"":""point"",""cx"":1052,""cy"":1989}",{},1
463.jpg,2886043,{},4,2,"{""name"":""point"",""cx"":1088,""cy"":2018}",{},1
463.jpg,2886043,{},4,3,"{""name"":""rect"",""x"":615,""y"":1703,""width"":897,""height"":832}",{},1
454.jpg,6212981,{},4,0,"{""name"":""point"",""cx"":1406,""cy"":1078}",{},1
454.jpg,6212981,{},4,1,"{""name"":""point"",""cx"":1493,""cy"":986}",{},1
454.jpg,6212981,{},4,2,"{""name"":""point"",""cx"":1636,""cy"":968}",{},1
454.jpg,6212981,{},4,3,"{""name"":""rect"",""x"":968,""y"":581,""width"":1272,""height"":1401}",{},1
446.jpg,1541400,{},4,0,"{""name"":""point"",""cx"":875,""cy"":1747}",{},1
446.jpg,1541400,{},4,1,"{""name"":""point"",""cx"":1132,""cy"":1660}",{},1
446.jpg,1541400,{},4,2,"{""name"":""point"",""cx"":1363,""cy"":1490}",{},1
446.jpg,1541400,{},4,3,"{""name"":""rect"",""x"":557,""y"":752,""width"":1085,""height"":1591}",{},1
441.jpg,1339511,{},4,0,"{""name"":""point"",""cx"":1143,""cy"":1280}",{},1
441.jpg,1339511,{},4,1,"{""name"":""point"",""cx"":1193,""cy"":1298}",{},1
441.jpg,1339511,{},4,2,"{""name"":""point"",""cx"":1229,""cy"":1302}",{},1
441.jpg,1339511,{},4,3,"{""name"":""rect"",""x"":868,""y"":828,""width"":781,""height"":918}",{},1
434.jpg,5975117,{},4,0,"{""name"":""point"",""cx"":919,""cy"":1312}",{},1
434.jpg,5975117,{},4,1,"{""name"":""point"",""cx"":1262,""cy"":1276}",{},1
434.jpg,5975117,{},4,2,"{""name"":""point"",""cx"":1578,""cy"":1248}",{},1
434.jpg,5975117,{},4,3,"{""name"":""rect"",""x"":439,""y"":686,""width"":1971,""height"":1578}",{},1
425.jpg,5843433,{},4,0,"{""name"":""point"",""cx"":1934,""cy"":1198}",{},1
425.jpg,5843433,{},4,1,"{""name"":""point"",""cx"":2044,""cy"":1166}",{},1
425.jpg,5843433,{},4,2,"{""name"":""point"",""cx"":2117,""cy"":1239}",{},1
425.jpg,5843433,{},4,3,"{""name"":""rect"",""x"":1175,""y"":663,""width"":1646,""height"":1569}","{""Cervix Shape"":""circle""}",1
421.jpg,2646642,{},4,0,"{""name"":""point"",""cx"":1395,""cy"":1779}",{},1
421.jpg,2646642,{},4,1,"{""name"":""point"",""cx"":1477,""cy"":1797}",{},1
421.jpg,2646642,{},4,2,"{""name"":""point"",""cx"":1555,""cy"":1824}",{},1
421.jpg,2646642,{},4,3,"{""name"":""rect"",""x"":558,""y"":841,""width"":2163,""height"":2479}",{},1
416.jpg,2569310,{},4,0,"{""name"":""point"",""cx"":861,""cy"":1483}",{},1
416.jpg,2569310,{},4,1,"{""name"":""point"",""cx"":904,""cy"":1483}",{},1
416.jpg,2569310,{},4,2,"{""name"":""point"",""cx"":965,""cy"":1479}",{},1
416.jpg,2569310,{},4,3,"{""name"":""rect"",""x"":419,""y"":730,""width"":915,""height"":1305}",{},1
401.jpg,5999438,{},4,0,"{""name"":""point"",""cx"":1286,""cy"":2152}",{},1
401.jpg,5999438,{},4,1,"{""name"":""point"",""cx"":1438,""cy"":2175}",{},1
401.jpg,5999438,{},4,2,"{""name"":""point"",""cx"":1530,""cy"":2161}",{},1
401.jpg,5999438,{},4,3,"{""name"":""rect"",""x"":793,""y"":1521,""width"":1419,""height"":1585}",{},1
396.jpg,2569651,{},4,0,"{""name"":""point"",""cx"":1128,""cy"":1624}",{},1
396.jpg,2569651,{},4,1,"{""name"":""point"",""cx"":1190,""cy"":1616}",{},1
396.jpg,2569651,{},4,2,"{""name"":""point"",""cx"":1251,""cy"":1624}",{},1
396.jpg,2569651,{},4,3,"{""name"":""rect"",""x"":799,""y"":1226,""width"":788,""height"":814}",{},1
387.jpg,2531074,{},4,0,"{""name"":""point"",""cx"":1262,""cy"":1992}",{},1
387.jpg,2531074,{},4,1,"{""name"":""point"",""cx"":1436,""cy"":1895}",{},1
387.jpg,2531074,{},4,2,"{""name"":""point"",""cx"":1649,""cy"":1960}",{},1
387.jpg,2531074,{},4,3,"{""name"":""rect"",""x"":944,""y"":1280,""width"":1023,""height"":1255}",{},1
384.jpg,2644512,{},4,0,"{""name"":""point"",""cx"":402,""cy"":1422}",{},1
384.jpg,2644512,{},4,1,"{""name"":""point"",""cx"":947,""cy"":1495}",{},1
384.jpg,2644512,{},4,2,"{""name"":""point"",""cx"":1569,""cy"":1463}",{},1
384.jpg,2644512,{},4,3,"{""name"":""rect"",""x"":27,""y"":672,""width"":2835,""height"":2149}",{},1
383.jpg,3478123,{},4,0,"{""name"":""point"",""cx"":1436,""cy"":2355}",{},1
383.jpg,3478123,{},4,1,"{""name"":""point"",""cx"":1651,""cy"":2213}",{},1
383.jpg,3478123,{},4,2,"{""name"":""point"",""cx"":1738,""cy"":1948}",{},1
383.jpg,3478123,{},4,3,"{""name"":""rect"",""x"":233,""y"":421,""width"":2314,""height"":2922}",{},1
379.jpg,6939239,{},4,0,"{""name"":""point"",""cx"":1088,""cy"":2941}",{},1
379.jpg,6939239,{},4,1,"{""name"":""point"",""cx"":1175,""cy"":2895}",{},1
379.jpg,6939239,{},4,2,"{""name"":""point"",""cx"":1258,""cy"":2872}",{},1
379.jpg,6939239,{},4,3,"{""name"":""rect"",""x"":608,""y"":2172,""width"":1271,""height"":1212}",{},1
376.jpg,3156194,{},4,0,"{""name"":""point"",""cx"":962,""cy"":2293}",{},1
376.jpg,3156194,{},4,1,"{""name"":""point"",""cx"":1197,""cy"":2286}",{},1
376.jpg,3156194,{},4,2,"{""name"":""point"",""cx"":1417,""cy"":2271}",{},1
376.jpg,3156194,{},4,3,"{""name"":""rect"",""x"":441,""y"":1237,""width"":1468,""height"":1555}",{},1
356.jpg,6961804,{},4,0,"{""name"":""point"",""cx"":1692,""cy"":2639}",{},1
356.jpg,6961804,{},4,1,"{""name"":""point"",""cx"":1912,""cy"":2543}",{},1
356.jpg,6961804,{},4,2,"{""name"":""point"",""cx"":2081,""cy"":2460}",{},1
356.jpg,6961804,{},4,3,"{""name"":""rect"",""x"":997,""y"":1610,""width"":1500,""height"":1655}",{},1
349.jpg,3076898,{},4,0,"{""name"":""point"",""cx"":1121,""cy"":1262}",{},1
349.jpg,3076898,{},4,1,"{""name"":""point"",""cx"":1200,""cy"":1273}",{},1
349.jpg,3076898,{},4,2,"{""name"":""point"",""cx"":1269,""cy"":1276}",{},1
349.jpg,3076898,{},4,3,"{""name"":""rect"",""x"":730,""y"":644,""width"":1031,""height"":1117}",{},1
346.jpg,4802757,{},4,0,"{""name"":""point"",""cx"":1166,""cy"":1326}",{},1
346.jpg,4802757,{},4,1,"{""name"":""point"",""cx"":1408,""cy"":1372}",{},1
346.jpg,4802757,{},4,2,"{""name"":""point"",""cx"":1665,""cy"":1340}",{},1
346.jpg,4802757,{},4,3,"{""name"":""rect"",""x"":412,""y"":617,""width"":2451,""height"":2017}",{},1
342.jpg,6299944,{},4,0,"{""name"":""point"",""cx"":700,""cy"":1770}",{},1
342.jpg,6299944,{},4,1,"{""name"":""point"",""cx"":924,""cy"":1742}",{},1
342.jpg,6299944,{},4,2,"{""name"":""point"",""cx"":1143,""cy"":1706}",{},1
342.jpg,6299944,{},4,3,"{""name"":""rect"",""x"":261,""y"":1043,""width"":1898,""height"":2072}",{},1
338.jpg,6475801,{},4,0,"{""name"":""point"",""cx"":979,""cy"":2072}",{},1
338.jpg,6475801,{},4,1,"{""name"":""point"",""cx"":1157,""cy"":2108}",{},1
338.jpg,6475801,{},4,2,"{""name"":""point"",""cx"":1308,""cy"":2035}",{},1
338.jpg,6475801,{},4,3,"{""name"":""rect"",""x"":316,""y"":1189,""width"":1495,""height"":1870}",{},1
334.jpg,3563636,{},4,0,"{""name"":""point"",""cx"":1965,""cy"":1725}",{},1
334.jpg,3563636,{},4,1,"{""name"":""point"",""cx"":1995,""cy"":1618}",{},1
334.jpg,3563636,{},4,2,"{""name"":""point"",""cx"":2085,""cy"":1574}",{},1
334.jpg,3563636,{},4,3,"{""name"":""rect"",""x"":1131,""y"":761,""width"":2074,""height"":1536}",{},1
333.jpg,6102942,{},4,0,"{""name"":""point"",""cx"":951,""cy"":2172}",{},1
333.jpg,6102942,{},4,1,"{""name"":""point"",""cx"":1125,""cy"":2140}",{},1
333.jpg,6102942,{},4,2,"{""name"":""point"",""cx"":1271,""cy"":2181}",{},1
333.jpg,6102942,{},4,3,"{""name"":""rect"",""x"":334,""y"":1349,""width"":1541,""height"":1555}",{},1
311.jpg,6886719,{},4,0,"{""name"":""point"",""cx"":951,""cy"":1157}",{},1
311.jpg,6886719,{},4,1,"{""name"":""point"",""cx"":1075,""cy"":1326}",{},1
311.jpg,6886719,{},4,2,"{""name"":""point"",""cx"":1125,""cy"":1445}",{},1
311.jpg,6886719,{},4,3,"{""name"":""rect"",""x"":357,""y"":476,""width"":1591,""height"":2227}",{},1
308.jpg,2937736,{},4,0,"{""name"":""point"",""cx"":908,""cy"":1027}",{},1
308.jpg,2937736,{},4,1,"{""name"":""point"",""cx"":962,""cy"":994}",{},1
308.jpg,2937736,{},4,2,"{""name"":""point"",""cx"":1038,""cy"":991}",{},1
308.jpg,2937736,{},4,3,"{""name"":""rect"",""x"":466,""y"":586,""width"":915,""height"":1106}",{},1
306.jpg,2431253,{},4,0,"{""name"":""point"",""cx"":864,""cy"":1550}",{},1
306.jpg,2431253,{},4,1,"{""name"":""point"",""cx"":1422,""cy"":1711}",{},1
306.jpg,2431253,{},4,2,"{""name"":""point"",""cx"":1956,""cy"":1751}",{},1
306.jpg,2431253,{},4,3,"{""name"":""rect"",""x"":119,""y"":521,""width"":2867,""height"":2351}",{},1
298.jpg,3132055,{},4,0,"{""name"":""point"",""cx"":1128,""cy"":1164}",{},1
298.jpg,3132055,{},4,1,"{""name"":""point"",""cx"":1186,""cy"":1197}",{},1
298.jpg,3132055,{},4,2,"{""name"":""point"",""cx"":1240,""cy"":1204}",{},1
298.jpg,3132055,{},4,3,"{""name"":""rect"",""x"":749,""y"":864,""width"":918,""height"":730}",{},1
294.jpg,2360386,{},4,0,"{""name"":""point"",""cx"":1363,""cy"":2538}",{},1
294.jpg,2360386,{},4,1,"{""name"":""point"",""cx"":1601,""cy"":2666}",{},1
294.jpg,2360386,{},4,2,"{""name"":""point"",""cx"":1962,""cy"":2666}",{},1
294.jpg,2360386,{},4,3,"{""name"":""rect"",""x"":366,""y"":1413,""width"":2300,""height"":1793}",{},1
281.jpg,6783365,{},4,0,"{""name"":""point"",""cx"":951,""cy"":1422}",{},1
281.jpg,6783365,{},4,1,"{""name"":""point"",""cx"":1290,""cy"":1473}",{},1
281.jpg,6783365,{},4,2,"{""name"":""point"",""cx"":1646,""cy"":1527}",{},1
281.jpg,6783365,{},4,3,"{""name"":""rect"",""x"":544,""y"":896,""width"":1450,""height"":1162}",{},1
267.jpg,1516953,{},4,0,"{""name"":""point"",""cx"":1190,""cy"":1851}",{},1
267.jpg,1516953,{},4,1,"{""name"":""point"",""cx"":1262,""cy"":1891}",{},1
267.jpg,1516953,{},4,2,"{""name"":""point"",""cx"":1305,""cy"":1920}",{},1
267.jpg,1516953,{},4,3,"{""name"":""rect"",""x"":843,""y"":1305,""width"":871,""height"":1092}",{},1
265.jpg,4243204,{},4,0,"{""name"":""point"",""cx"":1687,""cy"":1002}",{},1
265.jpg,4243204,{},4,1,"{""name"":""point"",""cx"":1802,""cy"":974}",{},1
265.jpg,4243204,{},4,2,"{""name"":""point"",""cx"":1889,""cy"":956}",{},1
265.jpg,4243204,{},4,3,"{""name"":""rect"",""x"":1564,""y"":672,""width"":800,""height"":805}",{},1
262.jpg,6659645,{},4,0,"{""name"":""point"",""cx"":1427,""cy"":2300}",{},1
262.jpg,6659645,{},4,1,"{""name"":""point"",""cx"":1578,""cy"":2172}",{},1
262.jpg,6659645,{},4,2,"{""name"":""point"",""cx"":1788,""cy"":2117}",{},1
262.jpg,6659645,{},4,3,"{""name"":""rect"",""x"":416,""y"":1354,""width"":2113,""height"":1655}",{},1
254.jpg,6774784,{},4,0,"{""name"":""point"",""cx"":1377,""cy"":2017}",{},1
254.jpg,6774784,{},4,1,"{""name"":""point"",""cx"":1445,""cy"":2003}",{},1
254.jpg,6774784,{},4,2,"{""name"":""point"",""cx"":1514,""cy"":2003}",{},1
254.jpg,6774784,{},4,3,"{""name"":""rect"",""x"":773,""y"":1527,""width"":1422,""height"":1216}","{""Cervix Shape"":""circle""}",1
252.jpg,2957325,{},4,0,"{""name"":""point"",""cx"":819,""cy"":1312}",{},1
252.jpg,2957325,{},4,1,"{""name"":""point"",""cx"":1029,""cy"":1322}",{},1
252.jpg,2957325,{},4,2,"{""name"":""point"",""cx"":1326,""cy"":1299}",{},1
252.jpg,2957325,{},4,3,"{""name"":""rect"",""x"":59,""y"":471,""width"":2415,""height"":1674}",{},1
248.jpg,4347219,{},4,0,"{""name"":""point"",""cx"":1540,""cy"":1450}",{},1
248.jpg,4347219,{},4,1,"{""name"":""point"",""cx"":1656,""cy"":1526}",{},1
248.jpg,4347219,{},4,2,"{""name"":""point"",""cx"":1822,""cy"":1540}",{},1
248.jpg,4347219,{},4,3,"{""name"":""rect"",""x"":1041,""y"":890,""width"":1244,""height"":1501}",{},1
245.jpg,8300236,{},4,0,"{""name"":""point"",""cx"":1294,""cy"":2639}",{},1
245.jpg,8300236,{},4,1,"{""name"":""point"",""cx"":1381,""cy"":2634}",{},1
245.jpg,8300236,{},4,2,"{""name"":""point"",""cx"":1468,""cy"":2598}",{},1
245.jpg,8300236,{},4,3,"{""name"":""rect"",""x"":979,""y"":2323,""width"":869,""height"":773}",{},1
239.jpg,2832125,{},4,0,"{""name"":""point"",""cx"":1106,""cy"":1634}",{},1
239.jpg,2832125,{},4,1,"{""name"":""point"",""cx"":1219,""cy"":1667}",{},1
239.jpg,2832125,{},4,2,"{""name"":""point"",""cx"":1320,""cy"":1718}",{},1
239.jpg,2832125,{},4,3,"{""name"":""rect"",""x"":843,""y"":991,""width"":777,""height"":1342}",{},1
237.jpg,2775352,{},4,0,"{""name"":""point"",""cx"":1500,""cy"":2062}",{},1
237.jpg,2775352,{},4,1,"{""name"":""point"",""cx"":1610,""cy"":2090}",{},1
237.jpg,2775352,{},4,2,"{""name"":""point"",""cx"":1642,""cy"":2159}",{},1
237.jpg,2775352,{},4,3,"{""name"":""rect"",""x"":297,""y"":1130,""width"":2538,""height"":2035}","{""Cervix Shape"":""circle""}",1
230.jpg,2924010,{},4,0,"{""name"":""point"",""cx"":1031,""cy"":1754}",{},1
230.jpg,2924010,{},4,1,"{""name"":""point"",""cx"":1117,""cy"":1754}",{},1
230.jpg,2924010,{},4,2,"{""name"":""point"",""cx"":1233,""cy"":1743}",{},1
230.jpg,2924010,{},4,3,"{""name"":""rect"",""x"":904,""y"":1363,""width"":654,""height"":1078}",{},1
229.jpg,6393066,{},4,0,"{""name"":""point"",""cx"":1092,""cy"":1372}",{},1
229.jpg,6393066,{},4,1,"{""name"":""point"",""cx"":1285,""cy"":1404}",{},1
229.jpg,6393066,{},4,2,"{""name"":""point"",""cx"":1422,""cy"":1390}",{},1
229.jpg,6393066,{},4,3,"{""name"":""rect"",""x"":407,""y"":851,""width"":1861,""height"":1322}",{},1
218.jpg,2807064,{},4,0,"{""name"":""point"",""cx"":334,""cy"":2214}",{},1
218.jpg,2807064,{},4,1,"{""name"":""point"",""cx"":901,""cy"":1518}",{},1
218.jpg,2807064,{},4,2,"{""name"":""point"",""cx"":1655,""cy"":1171}",{},1
218.jpg,2807064,{},4,3,"{""name"":""rect"",""x"":32,""y"":709,""width"":2794,""height"":2698}",{},1
215.jpg,6795871,{},4,0,"{""name"":""point"",""cx"":1427,""cy"":1610}",{},1
215.jpg,6795871,{},4,1,"{""name"":""point"",""cx"":1546,""cy"":1601}",{},1
215.jpg,6795871,{},4,2,"{""name"":""point"",""cx"":1655,""cy"":1582}",{},1
215.jpg,6795871,{},4,3,"{""name"":""rect"",""x"":869,""y"":727,""width"":1418,""height"":2053}",{},1
208.jpg,6721816,{},4,0,"{""name"":""point"",""cx"":1697,""cy"":1966}",{},1
208.jpg,6721816,{},4,1,"{""name"":""point"",""cx"":1829,""cy"":2017}",{},1
208.jpg,6721816,{},4,2,"{""name"":""point"",""cx"":2026,""cy"":2003}",{},1
208.jpg,6721816,{},4,3,"{""name"":""rect"",""x"":1056,""y"":1473,""width"":1436,""height"":1143}",{},1
205.jpg,7053132,{},4,0,"{""name"":""point"",""cx"":595,""cy"":1468}",{},1
205.jpg,7053132,{},4,1,"{""name"":""point"",""cx"":970,""cy"":1505}",{},1
205.jpg,7053132,{},4,2,"{""name"":""point"",""cx"":1317,""cy"":1418}",{},1
205.jpg,7053132,{},4,3,"{""name"":""rect"",""x"":119,""y"":659,""width"":1660,""height"":1752}",{},1
201.jpg,5982495,{},4,0,"{""name"":""point"",""cx"":1509,""cy"":1400}",{},1
201.jpg,5982495,{},4,1,"{""name"":""point"",""cx"":1614,""cy"":1441}",{},1
201.jpg,5982495,{},4,2,"{""name"":""point"",""cx"":1710,""cy"":1505}",{},1
201.jpg,5982495,{},4,3,"{""name"":""rect"",""x"":636,""y"":453,""width"":1884,""height"":2259}","{""Cervix Shape"":""circle""}",1
191.jpg,6670875,{},4,0,"{""name"":""point"",""cx"":2136,""cy"":1573}",{},1
191.jpg,6670875,{},4,1,"{""name"":""point"",""cx"":2355,""cy"":1518}",{},1
191.jpg,6670875,{},4,2,"{""name"":""point"",""cx"":2566,""cy"":1564}",{},1
191.jpg,6670875,{},4,3,"{""name"":""rect"",""x"":1258,""y"":695,""width"":1802,""height"":2296}",{},1
181.jpg,2704090,{},4,0,"{""name"":""point"",""cx"":1204,""cy"":1548}",{},1
181.jpg,2704090,{},4,1,"{""name"":""point"",""cx"":1374,""cy"":1544}",{},1
181.jpg,2704090,{},4,2,"{""name"":""point"",""cx"":1558,""cy"":1555}",{},1
181.jpg,2704090,{},4,3,"{""name"":""rect"",""x"":445,""y"":539,""width"":1837,""height"":1927}",{},1
180.jpg,5768737,{},4,0,"{""name"":""point"",""cx"":1335,""cy"":1665}",{},1
180.jpg,5768737,{},4,1,"{""name"":""point"",""cx"":1431,""cy"":1669}",{},1
180.jpg,5768737,{},4,2,"{""name"":""point"",""cx"":1514,""cy"":1665}",{},1
180.jpg,5768737,{},4,3,"{""name"":""rect"",""x"":357,""y"":828,""width"":1898,""height"":1829}","{""Cervix Shape"":""circle""}",1
176.jpg,6624071,{},4,0,"{""name"":""point"",""cx"":1541,""cy"":1774}",{},1
176.jpg,6624071,{},4,1,"{""name"":""point"",""cx"":1742,""cy"":1779}",{},1
176.jpg,6624071,{},4,2,"{""name"":""point"",""cx"":1861,""cy"":1742}",{},1
176.jpg,6624071,{},4,3,"{""name"":""rect"",""x"":1043,""y"":800,""width"":1473,""height"":1802}",{},1
171.jpg,2709442,{},4,0,"{""name"":""point"",""cx"":1102,""cy"":2264}",{},1
171.jpg,2709442,{},4,1,"{""name"":""point"",""cx"":1226,""cy"":2474}",{},1
171.jpg,2709442,{},4,2,"{""name"":""point"",""cx"":1358,""cy"":2634}",{},1
171.jpg,2709442,{},4,3,"{""name"":""rect"",""x"":503,""y"":841,""width"":2113,""height"":2602}",{},1
160.jpg,3915489,{},4,0,"{""name"":""point"",""cx"":1253,""cy"":2268}",{},1
160.jpg,3915489,{},4,1,"{""name"":""point"",""cx"":1386,""cy"":2259}",{},1
160.jpg,3915489,{},4,2,"{""name"":""point"",""cx"":1509,""cy"":2268}",{},1
160.jpg,3915489,{},4,3,"{""name"":""rect"",""x"":992,""y"":1505,""width"":1084,""height"":1463}",{},1
148.jpg,2495896,{},4,0,"{""name"":""point"",""cx"":915,""cy"":3027}",{},1
148.jpg,2495896,{},4,1,"{""name"":""point"",""cx"":1518,""cy"":3178}",{},1
148.jpg,2495896,{},4,2,"{""name"":""point"",""cx"":2186,""cy"":3142}",{},1
148.jpg,2495896,{},4,3,"{""name"":""rect"",""x"":302,""y"":1518,""width"":2634,""height"":2387}",{},1
144.jpg,7093872,{},4,0,"{""name"":""point"",""cx"":1514,""cy"":2309}",{},1
144.jpg,7093872,{},4,1,"{""name"":""point"",""cx"":1619,""cy"":2291}",{},1
144.jpg,7093872,{},4,2,"{""name"":""point"",""cx"":1687,""cy"":2319}",{},1
144.jpg,7093872,{},4,3,"{""name"":""rect"",""x"":979,""y"":1875,""width"":1111,""height"":1285}","{""Cervix Shape"":""circle""}",1
142.jpg,6365823,{},4,0,"{""name"":""point"",""cx"":1445,""cy"":2456}",{},1
142.jpg,6365823,{},4,1,"{""name"":""point"",""cx"":1637,""cy"":2428}",{},1
142.jpg,6365823,{},4,2,"{""name"":""point"",""cx"":1779,""cy"":2410}",{},1
142.jpg,6365823,{},4,3,"{""name"":""rect"",""x"":933,""y"":1898,""width"":1221,""height"":1399}",{},1
139.jpg,3161831,{},4,0,"{""name"":""point"",""cx"":1559,""cy"":1957}",{},1
139.jpg,3161831,{},4,1,"{""name"":""point"",""cx"":1633,""cy"":1976}",{},1
139.jpg,3161831,{},4,2,"{""name"":""point"",""cx"":1683,""cy"":1939}",{},1
139.jpg,3161831,{},4,3,"{""name"":""rect"",""x"":416,""y"":663,""width"":1944,""height"":2501}","{""Cervix Shape"":""circle""}",1
138.jpg,7274625,{},4,0,"{""name"":""point"",""cx"":1710,""cy"":2172}",{},1
138.jpg,7274625,{},4,1,"{""name"":""point"",""cx"":1784,""cy"":2159}",{},1
138.jpg,7274625,{},4,2,"{""name"":""point"",""cx"":1852,""cy"":2213}",{},1
138.jpg,7274625,{},4,3,"{""name"":""rect"",""x"":1107,""y"":1806,""width"":1303,""height"":1230}","{""Cervix Shape"":""circle""}",1
96.jpg,2732829,{},4,0,"{""name"":""point"",""cx"":1390,""cy"":777}",{},1
96.jpg,2732829,{},4,1,"{""name"":""point"",""cx"":1514,""cy"":681}",{},1
96.jpg,2732829,{},4,2,"{""name"":""point"",""cx"":1669,""cy"":649}",{},1
96.jpg,2732829,{},4,3,"{""name"":""rect"",""x"":393,""y"":210,""width"":2383,""height"":2296}",{},1
81.jpg,2588080,{},4,0,"{""name"":""point"",""cx"":572,""cy"":1719}",{},1
81.jpg,2588080,{},4,1,"{""name"":""point"",""cx"":1628,""cy"":1569}",{},1
81.jpg,2588080,{},4,2,"{""name"":""point"",""cx"":2515,""cy"":1601}",{},1
81.jpg,2588080,{},4,3,"{""name"":""rect"",""x"":206,""y"":155,""width"":2785,""height"":2396}",{},1
129.jpg,2353057,{},4,0,"{""name"":""point"",""cx"":1610,""cy"":2529}",{},1
129.jpg,2353057,{},4,1,"{""name"":""point"",""cx"":2255,""cy"":2255}",{},1
129.jpg,2353057,{},4,2,"{""name"":""point"",""cx"":2634,""cy"":2026}",{},1
129.jpg,2353057,{},4,3,"{""name"":""rect"",""x"":169,""y"":224,""width"":2858,""height"":3165}",{},1
109.jpg,2018564,{},4,0,"{""name"":""point"",""cx"":1219,""cy"":835}",{},1
109.jpg,2018564,{},4,1,"{""name"":""point"",""cx"":1251,""cy"":864}",{},1
109.jpg,2018564,{},4,2,"{""name"":""point"",""cx"":1269,""cy"":835}",{},1
109.jpg,2018564,{},4,3,"{""name"":""rect"",""x"":651,""y"":239,""width"":1407,""height"":1595}","{""Cervix Shape"":""circle""}",1
104.jpg,2827414,{},4,0,"{""name"":""point"",""cx"":1710,""cy"":1701}",{},1
104.jpg,2827414,{},4,1,"{""name"":""point"",""cx"":1852,""cy"":1692}",{},1
104.jpg,2827414,{},4,2,"{""name"":""point"",""cx"":1934,""cy"":1637}",{},1
104.jpg,2827414,{},4,3,"{""name"":""rect"",""x"":613,""y"":480,""width"":2168,""height"":2479}",{},1
102.jpg,2824779,{},4,0,"{""name"":""point"",""cx"":1023,""cy"":1652}",{},1
102.jpg,2824779,{},4,1,"{""name"":""point"",""cx"":1121,""cy"":1652}",{},1
102.jpg,2824779,{},4,2,"{""name"":""point"",""cx"":1197,""cy"":1678}",{},1
102.jpg,2824779,{},4,3,"{""name"":""rect"",""x"":430,""y"":1146,""width"":1153,""height"":958}",{},1
57.jpg,5865855,{},4,0,"{""name"":""point"",""cx"":691,""cy"":1221}",{},1
57.jpg,5865855,{},4,1,"{""name"":""point"",""cx"":974,""cy"":1262}",{},1
57.jpg,5865855,{},4,2,"{""name"":""point"",""cx"":1248,""cy"":1244}",{},1
57.jpg,5865855,{},4,3,"{""name"":""rect"",""x"":279,""y"":494,""width"":1367,""height"":1372}",{},1
55.jpg,7442383,{},4,0,"{""name"":""point"",""cx"":887,""cy"":2401}",{},1
55.jpg,7442383,{},4,1,"{""name"":""point"",""cx"":1088,""cy"":2346}",{},1
55.jpg,7442383,{},4,2,"{""name"":""point"",""cx"":1239,""cy"":2291}",{},1
55.jpg,7442383,{},4,3,"{""name"":""rect"",""x"":489,""y"":1811,""width"":1152,""height"":992}",{},1
48.jpg,5823138,{},4,0,"{""name"":""point"",""cx"":1226,""cy"":1669}",{},1
48.jpg,5823138,{},4,1,"{""name"":""point"",""cx"":1546,""cy"":1623}",{},1
48.jpg,5823138,{},4,2,"{""name"":""point"",""cx"":1944,""cy"":1623}",{},1
48.jpg,5823138,{},4,3,"{""name"":""rect"",""x"":727,""y"":1107,""width"":1793,""height"":1303}",{},1
47.jpg,2868878,{},4,0,"{""name"":""point"",""cx"":1216,""cy"":1619}",{},1
47.jpg,2868878,{},4,1,"{""name"":""point"",""cx"":1299,""cy"":1596}",{},1
47.jpg,2868878,{},4,2,"{""name"":""point"",""cx"":1354,""cy"":1619}",{},1
47.jpg,2868878,{},4,3,"{""name"":""rect"",""x"":535,""y"":855,""width"":1880,""height"":2405}","{""Cervix Shape"":""circle""}",1
41.jpg,2826213,{},4,0,"{""name"":""point"",""cx"":980,""cy"":1754}",{},1
41.jpg,2826213,{},4,1,"{""name"":""point"",""cx"":1020,""cy"":1790}",{},1
41.jpg,2826213,{},4,2,"{""name"":""point"",""cx"":1085,""cy"":1790}",{},1
41.jpg,2826213,{},4,3,"{""name"":""rect"",""x"":448,""y"":1193,""width"":1132,""height"":1258}","{""Cervix Shape"":""circle""}",1
35.jpg,6517687,{},4,0,"{""name"":""point"",""cx"":1262,""cy"":2474}",{},1
35.jpg,6517687,{},4,1,"{""name"":""point"",""cx"":1459,""cy"":2620}",{},1
35.jpg,6517687,{},4,2,"{""name"":""point"",""cx"":1623,""cy"":2593}",{},1
35.jpg,6517687,{},4,3,"{""name"":""rect"",""x"":910,""y"":1875,""width"":1125,""height"":1262}",{},1
34.jpg,6721700,{},4,0,"{""name"":""point"",""cx"":1262,""cy"":1399}",{},1
34.jpg,6721700,{},4,1,"{""name"":""point"",""cx"":1326,""cy"":1454}",{},1
34.jpg,6721700,{},4,2,"{""name"":""point"",""cx"":1409,""cy"":1454}",{},1
34.jpg,6721700,{},4,3,"{""name"":""rect"",""x"":718,""y"":841,""width"":1482,""height"":1253}",{},1
27.jpg,2444620,{},4,0,"{""name"":""point"",""cx"":1060,""cy"":1862}",{},1
27.jpg,2444620,{},4,1,"{""name"":""point"",""cx"":1369,""cy"":1751}",{},1
27.jpg,2444620,{},4,2,"{""name"":""point"",""cx"":1641,""cy"":1701}",{},1
27.jpg,2444620,{},4,3,"{""name"":""rect"",""x"":484,""y"":802,""width"":2019,""height"":2484}",{},1
7.jpg,3262500,{},4,0,"{""name"":""point"",""cx"":1486,""cy"":1555}",{},1
7.jpg,3262500,{},4,1,"{""name"":""point"",""cx"":1602,""cy"":1497}",{},1
7.jpg,3262500,{},4,2,"{""name"":""point"",""cx"":1721,""cy"":1468}",{},1
7.jpg,3262500,{},4,3,"{""name"":""rect"",""x"":897,""y"":1049,""width"":1266,""height"":1226}",{},1
14.jpg,2812668,{},4,0,"{""name"":""point"",""cx"":1027,""cy"":1801}",{},1
14.jpg,2812668,{},4,1,"{""name"":""point"",""cx"":1114,""cy"":1775}",{},1
14.jpg,2812668,{},4,2,"{""name"":""point"",""cx"":1229,""cy"":1765}",{},1
14.jpg,2812668,{},4,3,"{""name"":""rect"",""x"":651,""y"":1208,""width"":890,""height"":994}",{},1
13.jpg,2518543,{},4,0,"{""name"":""point"",""cx"":1336,""cy"":3151}",{},1
13.jpg,2518543,{},4,1,"{""name"":""point"",""cx"":1441,""cy"":3210}",{},1
13.jpg,2518543,{},4,2,"{""name"":""point"",""cx"":1505,""cy"":3283}",{},1
13.jpg,2518543,{},4,3,"{""name"":""rect"",""x"":252,""y"":1605,""width"":2213,""height"":2428}",{},1
12.jpg,6580683,{},4,0,"{""name"":""point"",""cx"":526,""cy"":1966}",{},1
12.jpg,6580683,{},4,1,"{""name"":""point"",""cx"":1024,""cy"":2021}",{},1
12.jpg,6580683,{},4,2,"{""name"":""point"",""cx"":1459,""cy"":2218}",{},1
12.jpg,6580683,{},4,3,"{""name"":""rect"",""x"":224,""y"":1541,""width"":1825,""height"":1239}",{},1
10.jpg,5480965,{},4,0,"{""name"":""point"",""cx"":1212,""cy"":2639}",{},1
10.jpg,5480965,{},4,1,"{""name"":""point"",""cx"":1518,""cy"":2666}",{},1
10.jpg,5480965,{},4,2,"{""name"":""point"",""cx"":1765,""cy"":2721}",{},1
10.jpg,5480965,{},4,3,"{""name"":""rect"",""x"":640,""y"":2035,""width"":1619,""height"":1271}",{},1
0.jpg,3423459,{},4,0,"{""name"":""point"",""cx"":1331,""cy"":1551}",{},1
0.jpg,3423459,{},4,1,"{""name"":""point"",""cx"":1403,""cy"":1551}",{},1
0.jpg,3423459,{},4,2,"{""name"":""point"",""cx"":1461,""cy"":1573}",{},1
0.jpg,3423459,{},4,3,"{""name"":""rect"",""x"":738,""y"":918,""width"":1389,""height"":1417}","{""Cervix Shape"":""circle""}",1
